Date,GoogleIndex,MovieTitle,Studio
2018-10-31,4,Ralph Breaks the Internet,BV
2018-11-01,5,Ralph Breaks the Internet,BV
2018-11-02,5,Ralph Breaks the Internet,BV
2018-11-03,5,Ralph Breaks the Internet,BV
2018-11-04,7,Ralph Breaks the Internet,BV
2018-11-05,7,Ralph Breaks the Internet,BV
2018-11-06,6,Ralph Breaks the Internet,BV
2018-11-07,6,Ralph Breaks the Internet,BV
2018-11-08,7,Ralph Breaks the Internet,BV
2018-11-09,9,Ralph Breaks the Internet,BV
2018-11-10,10,Ralph Breaks the Internet,BV
2018-11-11,8,Ralph Breaks the Internet,BV
2018-11-12,8,Ralph Breaks the Internet,BV
2018-11-13,11,Ralph Breaks the Internet,BV
2018-11-14,12,Ralph Breaks the Internet,BV
2018-11-15,14,Ralph Breaks the Internet,BV
2018-11-16,20,Ralph Breaks the Internet,BV
2018-11-17,24,Ralph Breaks the Internet,BV
2018-11-18,25,Ralph Breaks the Internet,BV
2018-11-19,35,Ralph Breaks the Internet,BV
2018-11-20,61,Ralph Breaks the Internet,BV
2018-11-21,60,Ralph Breaks the Internet,BV
2018-11-22,82,Ralph Breaks the Internet,BV
2018-11-23,100,Ralph Breaks the Internet,BV
2018-11-24,87,Ralph Breaks the Internet,BV
2018-11-25,45,Ralph Breaks the Internet,BV
2018-11-26,34,Ralph Breaks the Internet,BV
2018-11-27,34,Ralph Breaks the Internet,BV
2018-10-31,2,Creed II,MGM
2018-11-01,2,Creed II,MGM
2018-11-02,2,Creed II,MGM
2018-11-03,2,Creed II,MGM
2018-11-04,2,Creed II,MGM
2018-11-05,1,Creed II,MGM
2018-11-06,2,Creed II,MGM
2018-11-07,3,Creed II,MGM
2018-11-08,3,Creed II,MGM
2018-11-09,3,Creed II,MGM
2018-11-10,4,Creed II,MGM
2018-11-11,3,Creed II,MGM
2018-11-12,4,Creed II,MGM
2018-11-13,4,Creed II,MGM
2018-11-14,5,Creed II,MGM
2018-11-15,9,Creed II,MGM
2018-11-16,11,Creed II,MGM
2018-11-17,9,Creed II,MGM
2018-11-18,12,Creed II,MGM
2018-11-19,39,Creed II,MGM
2018-11-20,59,Creed II,MGM
2018-11-21,66,Creed II,MGM
2018-11-22,86,Creed II,MGM
2018-11-23,100,Creed II,MGM
2018-11-24,78,Creed II,MGM
2018-11-25,35,Creed II,MGM
2018-11-26,32,Creed II,MGM
2018-11-27,31,Creed II,MGM
2018-10-31,23,Dr Seuss The Grinch 2018,Uni.
2018-11-01,23,Dr Seuss The Grinch 2018,Uni.
2018-11-02,34,Dr Seuss The Grinch 2018,Uni.
2018-11-03,32,Dr Seuss The Grinch 2018,Uni.
2018-11-04,35,Dr Seuss The Grinch 2018,Uni.
2018-11-05,29,Dr Seuss The Grinch 2018,Uni.
2018-11-06,42,Dr Seuss The Grinch 2018,Uni.
2018-11-07,36,Dr Seuss The Grinch 2018,Uni.
2018-11-08,38,Dr Seuss The Grinch 2018,Uni.
2018-11-09,100,Dr Seuss The Grinch 2018,Uni.
2018-11-10,73,Dr Seuss The Grinch 2018,Uni.
2018-11-11,36,Dr Seuss The Grinch 2018,Uni.
2018-11-12,21,Dr Seuss The Grinch 2018,Uni.
2018-11-13,29,Dr Seuss The Grinch 2018,Uni.
2018-11-14,15,Dr Seuss The Grinch 2018,Uni.
2018-11-15,37,Dr Seuss The Grinch 2018,Uni.
2018-11-16,91,Dr Seuss The Grinch 2018,Uni.
2018-11-17,49,Dr Seuss The Grinch 2018,Uni.
2018-11-18,59,Dr Seuss The Grinch 2018,Uni.
2018-11-19,29,Dr Seuss The Grinch 2018,Uni.
2018-11-20,44,Dr Seuss The Grinch 2018,Uni.
2018-11-21,22,Dr Seuss The Grinch 2018,Uni.
2018-11-22,30,Dr Seuss The Grinch 2018,Uni.
2018-11-23,32,Dr Seuss The Grinch 2018,Uni.
2018-11-24,32,Dr Seuss The Grinch 2018,Uni.
2018-11-25,14,Dr Seuss The Grinch 2018,Uni.
2018-11-26,28,Dr Seuss The Grinch 2018,Uni.
2018-11-27,43,Dr Seuss The Grinch 2018,Uni.
2018-10-31,6,Fantastic Beasts The Crimes of Grindelwald,WB
2018-11-01,7,Fantastic Beasts The Crimes of Grindelwald,WB
2018-11-02,8,Fantastic Beasts The Crimes of Grindelwald,WB
2018-11-03,11,Fantastic Beasts The Crimes of Grindelwald,WB
2018-11-04,9,Fantastic Beasts The Crimes of Grindelwald,WB
2018-11-05,9,Fantastic Beasts The Crimes of Grindelwald,WB
2018-11-06,9,Fantastic Beasts The Crimes of Grindelwald,WB
2018-11-07,11,Fantastic Beasts The Crimes of Grindelwald,WB
2018-11-08,17,Fantastic Beasts The Crimes of Grindelwald,WB
2018-11-09,20,Fantastic Beasts The Crimes of Grindelwald,WB
2018-11-10,20,Fantastic Beasts The Crimes of Grindelwald,WB
2018-11-11,18,Fantastic Beasts The Crimes of Grindelwald,WB
2018-11-12,19,Fantastic Beasts The Crimes of Grindelwald,WB
2018-11-13,30,Fantastic Beasts The Crimes of Grindelwald,WB
2018-11-14,50,Fantastic Beasts The Crimes of Grindelwald,WB
2018-11-15,91,Fantastic Beasts The Crimes of Grindelwald,WB
2018-11-16,100,Fantastic Beasts The Crimes of Grindelwald,WB
2018-11-17,91,Fantastic Beasts The Crimes of Grindelwald,WB
2018-11-18,52,Fantastic Beasts The Crimes of Grindelwald,WB
2018-11-19,44,Fantastic Beasts The Crimes of Grindelwald,WB
2018-11-20,41,Fantastic Beasts The Crimes of Grindelwald,WB
2018-11-21,34,Fantastic Beasts The Crimes of Grindelwald,WB
2018-11-22,37,Fantastic Beasts The Crimes of Grindelwald,WB
2018-11-23,47,Fantastic Beasts The Crimes of Grindelwald,WB
2018-11-24,41,Fantastic Beasts The Crimes of Grindelwald,WB
2018-11-25,22,Fantastic Beasts The Crimes of Grindelwald,WB
2018-11-26,22,Fantastic Beasts The Crimes of Grindelwald,WB
2018-11-27,21,Fantastic Beasts The Crimes of Grindelwald,WB
2018-10-31,53,Bohemian Rhapsody,Fox
2018-11-01,80,Bohemian Rhapsody,Fox
2018-11-02,100,Bohemian Rhapsody,Fox
2018-11-03,94,Bohemian Rhapsody,Fox
2018-11-04,70,Bohemian Rhapsody,Fox
2018-11-05,53,Bohemian Rhapsody,Fox
2018-11-06,50,Bohemian Rhapsody,Fox
2018-11-07,49,Bohemian Rhapsody,Fox
2018-11-08,54,Bohemian Rhapsody,Fox
2018-11-09,78,Bohemian Rhapsody,Fox
2018-11-10,77,Bohemian Rhapsody,Fox
2018-11-11,52,Bohemian Rhapsody,Fox
2018-11-12,42,Bohemian Rhapsody,Fox
2018-11-13,39,Bohemian Rhapsody,Fox
2018-11-14,39,Bohemian Rhapsody,Fox
2018-11-15,45,Bohemian Rhapsody,Fox
2018-11-16,64,Bohemian Rhapsody,Fox
2018-11-17,63,Bohemian Rhapsody,Fox
2018-11-18,41,Bohemian Rhapsody,Fox
2018-11-19,37,Bohemian Rhapsody,Fox
2018-11-20,34,Bohemian Rhapsody,Fox
2018-11-21,35,Bohemian Rhapsody,Fox
2018-11-22,39,Bohemian Rhapsody,Fox
2018-11-23,52,Bohemian Rhapsody,Fox
2018-11-24,48,Bohemian Rhapsody,Fox
2018-11-25,28,Bohemian Rhapsody,Fox
2018-11-26,25,Bohemian Rhapsody,Fox
2018-11-27,26,Bohemian Rhapsody,Fox
2018-10-31,4,Instant Family,Par.
2018-11-01,7,Instant Family,Par.
2018-11-02,8,Instant Family,Par.
2018-11-03,7,Instant Family,Par.
2018-11-04,5,Instant Family,Par.
2018-11-05,5,Instant Family,Par.
2018-11-06,6,Instant Family,Par.
2018-11-07,9,Instant Family,Par.
2018-11-08,11,Instant Family,Par.
2018-11-09,15,Instant Family,Par.
2018-11-10,13,Instant Family,Par.
2018-11-11,12,Instant Family,Par.
2018-11-12,14,Instant Family,Par.
2018-11-13,15,Instant Family,Par.
2018-11-14,28,Instant Family,Par.
2018-11-15,60,Instant Family,Par.
2018-11-16,100,Instant Family,Par.
2018-11-17,84,Instant Family,Par.
2018-11-18,43,Instant Family,Par.
2018-11-19,42,Instant Family,Par.
2018-11-20,49,Instant Family,Par.
2018-11-21,50,Instant Family,Par.
2018-11-22,72,Instant Family,Par.
2018-11-23,85,Instant Family,Par.
2018-11-24,66,Instant Family,Par.
2018-11-25,28,Instant Family,Par.
2018-11-26,25,Instant Family,Par.
2018-11-27,22,Instant Family,Par.
2018-10-31,10,Robin Hood 2018,LG/S
2018-11-01,9,Robin Hood 2018,LG/S
2018-11-02,19,Robin Hood 2018,LG/S
2018-11-03,19,Robin Hood 2018,LG/S
2018-11-04,28,Robin Hood 2018,LG/S
2018-11-05,27,Robin Hood 2018,LG/S
2018-11-06,24,Robin Hood 2018,LG/S
2018-11-07,25,Robin Hood 2018,LG/S
2018-11-08,26,Robin Hood 2018,LG/S
2018-11-09,30,Robin Hood 2018,LG/S
2018-11-10,35,Robin Hood 2018,LG/S
2018-11-11,31,Robin Hood 2018,LG/S
2018-11-12,25,Robin Hood 2018,LG/S
2018-11-13,29,Robin Hood 2018,LG/S
2018-11-14,28,Robin Hood 2018,LG/S
2018-11-15,30,Robin Hood 2018,LG/S
2018-11-16,39,Robin Hood 2018,LG/S
2018-11-17,42,Robin Hood 2018,LG/S
2018-11-18,39,Robin Hood 2018,LG/S
2018-11-19,85,Robin Hood 2018,LG/S
2018-11-20,91,Robin Hood 2018,LG/S
2018-11-21,92,Robin Hood 2018,LG/S
2018-11-22,85,Robin Hood 2018,LG/S
2018-11-23,92,Robin Hood 2018,LG/S
2018-11-24,100,Robin Hood 2018,LG/S
2018-11-25,62,Robin Hood 2018,LG/S
2018-11-26,56,Robin Hood 2018,LG/S
2018-11-27,55,Robin Hood 2018,LG/S
2018-10-31,13,Widows,Fox
2018-11-01,15,Widows,Fox
2018-11-02,15,Widows,Fox
2018-11-03,18,Widows,Fox
2018-11-04,16,Widows,Fox
2018-11-05,20,Widows,Fox
2018-11-06,20,Widows,Fox
2018-11-07,21,Widows,Fox
2018-11-08,26,Widows,Fox
2018-11-09,31,Widows,Fox
2018-11-10,28,Widows,Fox
2018-11-11,23,Widows,Fox
2018-11-12,25,Widows,Fox
2018-11-13,28,Widows,Fox
2018-11-14,38,Widows,Fox
2018-11-15,72,Widows,Fox
2018-11-16,100,Widows,Fox
2018-11-17,82,Widows,Fox
2018-11-18,48,Widows,Fox
2018-11-19,43,Widows,Fox
2018-11-20,47,Widows,Fox
2018-11-21,48,Widows,Fox
2018-11-22,70,Widows,Fox
2018-11-23,84,Widows,Fox
2018-11-24,67,Widows,Fox
2018-11-25,35,Widows,Fox
2018-11-26,33,Widows,Fox
2018-11-27,32,Widows,Fox
2018-10-31,19,Green Book,Uni.
2018-11-01,22,Green Book,Uni.
2018-11-02,25,Green Book,Uni.
2018-11-03,22,Green Book,Uni.
2018-11-04,20,Green Book,Uni.
2018-11-05,20,Green Book,Uni.
2018-11-06,20,Green Book,Uni.
2018-11-07,20,Green Book,Uni.
2018-11-08,18,Green Book,Uni.
2018-11-09,19,Green Book,Uni.
2018-11-10,20,Green Book,Uni.
2018-11-11,21,Green Book,Uni.
2018-11-12,22,Green Book,Uni.
2018-11-13,19,Green Book,Uni.
2018-11-14,25,Green Book,Uni.
2018-11-15,29,Green Book,Uni.
2018-11-16,30,Green Book,Uni.
2018-11-17,35,Green Book,Uni.
2018-11-18,28,Green Book,Uni.
2018-11-19,41,Green Book,Uni.
2018-11-20,61,Green Book,Uni.
2018-11-21,69,Green Book,Uni.
2018-11-22,86,Green Book,Uni.
2018-11-23,100,Green Book,Uni.
2018-11-24,75,Green Book,Uni.
2018-11-25,43,Green Book,Uni.
2018-11-26,44,Green Book,Uni.
2018-11-27,43,Green Book,Uni.
2018-10-31,62,A Star is Born 2018,WB
2018-11-01,74,A Star is Born 2018,WB
2018-11-02,100,A Star is Born 2018,WB
2018-11-03,92,A Star is Born 2018,WB
2018-11-04,61,A Star is Born 2018,WB
2018-11-05,45,A Star is Born 2018,WB
2018-11-06,51,A Star is Born 2018,WB
2018-11-07,45,A Star is Born 2018,WB
2018-11-08,55,A Star is Born 2018,WB
2018-11-09,86,A Star is Born 2018,WB
2018-11-10,75,A Star is Born 2018,WB
2018-11-11,47,A Star is Born 2018,WB
2018-11-12,35,A Star is Born 2018,WB
2018-11-13,37,A Star is Born 2018,WB
2018-11-14,43,A Star is Born 2018,WB
2018-11-15,61,A Star is Born 2018,WB
2018-11-16,78,A Star is Born 2018,WB
2018-11-17,72,A Star is Born 2018,WB
2018-11-18,48,A Star is Born 2018,WB
2018-11-19,50,A Star is Born 2018,WB
2018-11-20,39,A Star is Born 2018,WB
2018-11-21,44,A Star is Born 2018,WB
2018-11-22,52,A Star is Born 2018,WB
2018-11-23,63,A Star is Born 2018,WB
2018-11-24,63,A Star is Born 2018,WB
2018-11-25,35,A Star is Born 2018,WB
2018-11-26,36,A Star is Born 2018,WB
2018-11-27,35,A Star is Born 2018,WB
2018-10-31,45,The Nutcracker and the Four Realms,BV
2018-11-01,76,The Nutcracker and the Four Realms,BV
2018-11-02,90,The Nutcracker and the Four Realms,BV
2018-11-03,63,The Nutcracker and the Four Realms,BV
2018-11-04,37,The Nutcracker and the Four Realms,BV
2018-11-05,32,The Nutcracker and the Four Realms,BV
2018-11-06,31,The Nutcracker and the Four Realms,BV
2018-11-07,39,The Nutcracker and the Four Realms,BV
2018-11-08,61,The Nutcracker and the Four Realms,BV
2018-11-09,100,The Nutcracker and the Four Realms,BV
2018-11-10,79,The Nutcracker and the Four Realms,BV
2018-11-11,45,The Nutcracker and the Four Realms,BV
2018-11-12,36,The Nutcracker and the Four Realms,BV
2018-11-13,33,The Nutcracker and the Four Realms,BV
2018-11-14,26,The Nutcracker and the Four Realms,BV
2018-11-15,37,The Nutcracker and the Four Realms,BV
2018-11-16,56,The Nutcracker and the Four Realms,BV
2018-11-17,45,The Nutcracker and the Four Realms,BV
2018-11-18,27,The Nutcracker and the Four Realms,BV
2018-11-19,26,The Nutcracker and the Four Realms,BV
2018-11-20,25,The Nutcracker and the Four Realms,BV
2018-11-21,22,The Nutcracker and the Four Realms,BV
2018-11-22,30,The Nutcracker and the Four Realms,BV
2018-11-23,38,The Nutcracker and the Four Realms,BV
2018-11-24,29,The Nutcracker and the Four Realms,BV
2018-11-25,13,The Nutcracker and the Four Realms,BV
2018-11-26,13,The Nutcracker and the Four Realms,BV
2018-11-27,12,The Nutcracker and the Four Realms,BV
2018-10-31,32,Boy Erased,Focus
2018-11-01,37,Boy Erased,Focus
2018-11-02,38,Boy Erased,Focus
2018-11-03,34,Boy Erased,Focus
2018-11-04,48,Boy Erased,Focus
2018-11-05,60,Boy Erased,Focus
2018-11-06,61,Boy Erased,Focus
2018-11-07,85,Boy Erased,Focus
2018-11-08,89,Boy Erased,Focus
2018-11-09,92,Boy Erased,Focus
2018-11-10,98,Boy Erased,Focus
2018-11-11,56,Boy Erased,Focus
2018-11-12,69,Boy Erased,Focus
2018-11-13,68,Boy Erased,Focus
2018-11-14,73,Boy Erased,Focus
2018-11-15,100,Boy Erased,Focus
2018-11-16,92,Boy Erased,Focus
2018-11-17,84,Boy Erased,Focus
2018-11-18,47,Boy Erased,Focus
2018-11-19,40,Boy Erased,Focus
2018-11-20,48,Boy Erased,Focus
2018-11-21,44,Boy Erased,Focus
2018-11-22,62,Boy Erased,Focus
2018-11-23,70,Boy Erased,Focus
2018-11-24,50,Boy Erased,Focus
2018-11-25,29,Boy Erased,Focus
2018-11-26,28,Boy Erased,Focus
2018-11-27,25,Boy Erased,Focus
2018-10-31,14,Overlord,Par.
2018-11-01,15,Overlord,Par.
2018-11-02,16,Overlord,Par.
2018-11-03,19,Overlord,Par.
2018-11-04,18,Overlord,Par.
2018-11-05,19,Overlord,Par.
2018-11-06,25,Overlord,Par.
2018-11-07,42,Overlord,Par.
2018-11-08,72,Overlord,Par.
2018-11-09,100,Overlord,Par.
2018-11-10,83,Overlord,Par.
2018-11-11,50,Overlord,Par.
2018-11-12,41,Overlord,Par.
2018-11-13,35,Overlord,Par.
2018-11-14,31,Overlord,Par.
2018-11-15,34,Overlord,Par.
2018-11-16,48,Overlord,Par.
2018-11-17,43,Overlord,Par.
2018-11-18,26,Overlord,Par.
2018-11-19,23,Overlord,Par.
2018-11-20,21,Overlord,Par.
2018-11-21,20,Overlord,Par.
2018-11-22,23,Overlord,Par.
2018-11-23,28,Overlord,Par.
2018-11-24,24,Overlord,Par.
2018-11-25,14,Overlord,Par.
2018-11-26,13,Overlord,Par.
2018-11-27,13,Overlord,Par.
2018-10-31,21,Nobodys Fool,Par.
2018-11-01,77,Nobodys Fool,Par.
2018-11-02,100,Nobodys Fool,Par.
2018-11-03,88,Nobodys Fool,Par.
2018-11-04,58,Nobodys Fool,Par.
2018-11-05,47,Nobodys Fool,Par.
2018-11-06,43,Nobodys Fool,Par.
2018-11-07,27,Nobodys Fool,Par.
2018-11-08,40,Nobodys Fool,Par.
2018-11-09,56,Nobodys Fool,Par.
2018-11-10,55,Nobodys Fool,Par.
2018-11-11,36,Nobodys Fool,Par.
2018-11-12,23,Nobodys Fool,Par.
2018-11-13,21,Nobodys Fool,Par.
2018-11-14,16,Nobodys Fool,Par.
2018-11-15,18,Nobodys Fool,Par.
2018-11-16,22,Nobodys Fool,Par.
2018-11-17,35,Nobodys Fool,Par.
2018-11-18,18,Nobodys Fool,Par.
2018-11-19,12,Nobodys Fool,Par.
2018-11-20,16,Nobodys Fool,Par.
2018-11-21,10,Nobodys Fool,Par.
2018-11-22,23,Nobodys Fool,Par.
2018-11-23,21,Nobodys Fool,Par.
2018-11-24,20,Nobodys Fool,Par.
2018-11-25,10,Nobodys Fool,Par.
2018-11-26,9,Nobodys Fool,Par.
2018-11-27,12,Nobodys Fool,Par.
2018-10-31,77,Venom 2018,Sony
2018-11-01,83,Venom 2018,Sony
2018-11-02,100,Venom 2018,Sony
2018-11-03,96,Venom 2018,Sony
2018-11-04,57,Venom 2018,Sony
2018-11-05,55,Venom 2018,Sony
2018-11-06,54,Venom 2018,Sony
2018-11-07,61,Venom 2018,Sony
2018-11-08,66,Venom 2018,Sony
2018-11-09,92,Venom 2018,Sony
2018-11-10,80,Venom 2018,Sony
2018-11-11,56,Venom 2018,Sony
2018-11-12,49,Venom 2018,Sony
2018-11-13,47,Venom 2018,Sony
2018-11-14,52,Venom 2018,Sony
2018-11-15,57,Venom 2018,Sony
2018-11-16,71,Venom 2018,Sony
2018-11-17,68,Venom 2018,Sony
2018-11-18,51,Venom 2018,Sony
2018-11-19,53,Venom 2018,Sony
2018-11-20,46,Venom 2018,Sony
2018-11-21,53,Venom 2018,Sony
2018-11-22,59,Venom 2018,Sony
2018-11-23,94,Venom 2018,Sony
2018-11-24,94,Venom 2018,Sony
2018-11-25,60,Venom 2018,Sony
2018-11-26,54,Venom 2018,Sony
2018-11-27,83,Venom 2018,Sony
2018-10-31,7,The Front Runner,Sony
2018-11-01,8,The Front Runner,Sony
2018-11-02,15,The Front Runner,Sony
2018-11-03,9,The Front Runner,Sony
2018-11-04,10,The Front Runner,Sony
2018-11-05,35,The Front Runner,Sony
2018-11-06,48,The Front Runner,Sony
2018-11-07,16,The Front Runner,Sony
2018-11-08,11,The Front Runner,Sony
2018-11-09,13,The Front Runner,Sony
2018-11-10,12,The Front Runner,Sony
2018-11-11,17,The Front Runner,Sony
2018-11-12,36,The Front Runner,Sony
2018-11-13,26,The Front Runner,Sony
2018-11-14,20,The Front Runner,Sony
2018-11-15,23,The Front Runner,Sony
2018-11-16,21,The Front Runner,Sony
2018-11-17,19,The Front Runner,Sony
2018-11-18,18,The Front Runner,Sony
2018-11-19,40,The Front Runner,Sony
2018-11-20,68,The Front Runner,Sony
2018-11-21,70,The Front Runner,Sony
2018-11-22,88,The Front Runner,Sony
2018-11-23,100,The Front Runner,Sony
2018-11-24,75,The Front Runner,Sony
2018-11-25,35,The Front Runner,Sony
2018-11-26,35,The Front Runner,Sony
2018-11-27,26,The Front Runner,Sony
2018-10-31,44,Can You Ever Forgive Me,FoxS
2018-11-01,70,Can You Ever Forgive Me,FoxS
2018-11-02,94,Can You Ever Forgive Me,FoxS
2018-11-03,65,Can You Ever Forgive Me,FoxS
2018-11-04,39,Can You Ever Forgive Me,FoxS
2018-11-05,29,Can You Ever Forgive Me,FoxS
2018-11-06,28,Can You Ever Forgive Me,FoxS
2018-11-07,48,Can You Ever Forgive Me,FoxS
2018-11-08,80,Can You Ever Forgive Me,FoxS
2018-11-09,100,Can You Ever Forgive Me,FoxS
2018-11-10,73,Can You Ever Forgive Me,FoxS
2018-11-11,45,Can You Ever Forgive Me,FoxS
2018-11-12,29,Can You Ever Forgive Me,FoxS
2018-11-13,26,Can You Ever Forgive Me,FoxS
2018-11-14,28,Can You Ever Forgive Me,FoxS
2018-11-15,39,Can You Ever Forgive Me,FoxS
2018-11-16,53,Can You Ever Forgive Me,FoxS
2018-11-17,49,Can You Ever Forgive Me,FoxS
2018-11-18,22,Can You Ever Forgive Me,FoxS
2018-11-19,24,Can You Ever Forgive Me,FoxS
2018-11-20,19,Can You Ever Forgive Me,FoxS
2018-11-21,24,Can You Ever Forgive Me,FoxS
2018-11-22,41,Can You Ever Forgive Me,FoxS
2018-11-23,48,Can You Ever Forgive Me,FoxS
2018-11-24,40,Can You Ever Forgive Me,FoxS
2018-11-25,18,Can You Ever Forgive Me,FoxS
2018-11-26,18,Can You Ever Forgive Me,FoxS
2018-11-27,19,Can You Ever Forgive Me,FoxS
2018-10-31,63,Free Solo,NGE
2018-11-01,73,Free Solo,NGE
2018-11-02,100,Free Solo,NGE
2018-11-03,81,Free Solo,NGE
2018-11-04,59,Free Solo,NGE
2018-11-05,49,Free Solo,NGE
2018-11-06,45,Free Solo,NGE
2018-11-07,52,Free Solo,NGE
2018-11-08,54,Free Solo,NGE
2018-11-09,78,Free Solo,NGE
2018-11-10,79,Free Solo,NGE
2018-11-11,57,Free Solo,NGE
2018-11-12,44,Free Solo,NGE
2018-11-13,40,Free Solo,NGE
2018-11-14,35,Free Solo,NGE
2018-11-15,45,Free Solo,NGE
2018-11-16,61,Free Solo,NGE
2018-11-17,55,Free Solo,NGE
2018-11-18,38,Free Solo,NGE
2018-11-19,37,Free Solo,NGE
2018-11-20,40,Free Solo,NGE
2018-11-21,43,Free Solo,NGE
2018-11-22,49,Free Solo,NGE
2018-11-23,51,Free Solo,NGE
2018-11-24,49,Free Solo,NGE
2018-11-25,29,Free Solo,NGE
2018-11-26,24,Free Solo,NGE
2018-11-27,26,Free Solo,NGE
2018-10-31,25,The Favourite,FoxS
2018-11-01,28,The Favourite,FoxS
2018-11-02,29,The Favourite,FoxS
2018-11-03,32,The Favourite,FoxS
2018-11-04,32,The Favourite,FoxS
2018-11-05,27,The Favourite,FoxS
2018-11-06,28,The Favourite,FoxS
2018-11-07,25,The Favourite,FoxS
2018-11-08,29,The Favourite,FoxS
2018-11-09,31,The Favourite,FoxS
2018-11-10,30,The Favourite,FoxS
2018-11-11,35,The Favourite,FoxS
2018-11-12,24,The Favourite,FoxS
2018-11-13,41,The Favourite,FoxS
2018-11-14,57,The Favourite,FoxS
2018-11-15,53,The Favourite,FoxS
2018-11-16,54,The Favourite,FoxS
2018-11-17,54,The Favourite,FoxS
2018-11-18,45,The Favourite,FoxS
2018-11-19,49,The Favourite,FoxS
2018-11-20,55,The Favourite,FoxS
2018-11-21,48,The Favourite,FoxS
2018-11-22,100,The Favourite,FoxS
2018-11-23,97,The Favourite,FoxS
2018-11-24,93,The Favourite,FoxS
2018-11-25,69,The Favourite,FoxS
2018-11-26,79,The Favourite,FoxS
2018-11-27,78,The Favourite,FoxS
2018-10-31,44,Smallfoot,WB
2018-11-01,64,Smallfoot,WB
2018-11-02,100,Smallfoot,WB
2018-11-03,76,Smallfoot,WB
2018-11-04,32,Smallfoot,WB
2018-11-05,37,Smallfoot,WB
2018-11-06,23,Smallfoot,WB
2018-11-07,23,Smallfoot,WB
2018-11-08,36,Smallfoot,WB
2018-11-09,60,Smallfoot,WB
2018-11-10,52,Smallfoot,WB
2018-11-11,29,Smallfoot,WB
2018-11-12,18,Smallfoot,WB
2018-11-13,15,Smallfoot,WB
2018-11-14,16,Smallfoot,WB
2018-11-15,20,Smallfoot,WB
2018-11-16,28,Smallfoot,WB
2018-11-17,27,Smallfoot,WB
2018-11-18,12,Smallfoot,WB
2018-11-19,11,Smallfoot,WB
2018-11-20,13,Smallfoot,WB
2018-11-21,11,Smallfoot,WB
2018-11-22,17,Smallfoot,WB
2018-11-23,20,Smallfoot,WB
2018-11-24,18,Smallfoot,WB
2018-11-25,7,Smallfoot,WB
2018-11-26,8,Smallfoot,WB
2018-11-27,8,Smallfoot,WB
2018-10-31,46,The Hate U Give,Fox
2018-11-01,64,The Hate U Give,Fox
2018-11-02,100,The Hate U Give,Fox
2018-11-03,85,The Hate U Give,Fox
2018-11-04,52,The Hate U Give,Fox
2018-11-05,51,The Hate U Give,Fox
2018-11-06,43,The Hate U Give,Fox
2018-11-07,34,The Hate U Give,Fox
2018-11-08,49,The Hate U Give,Fox
2018-11-09,70,The Hate U Give,Fox
2018-11-10,68,The Hate U Give,Fox
2018-11-11,43,The Hate U Give,Fox
2018-11-12,34,The Hate U Give,Fox
2018-11-13,26,The Hate U Give,Fox
2018-11-14,24,The Hate U Give,Fox
2018-11-15,30,The Hate U Give,Fox
2018-11-16,40,The Hate U Give,Fox
2018-11-17,40,The Hate U Give,Fox
2018-11-18,31,The Hate U Give,Fox
2018-11-19,28,The Hate U Give,Fox
2018-11-20,27,The Hate U Give,Fox
2018-11-21,31,The Hate U Give,Fox
2018-11-22,39,The Hate U Give,Fox
2018-11-23,45,The Hate U Give,Fox
2018-11-24,37,The Hate U Give,Fox
2018-11-25,27,The Hate U Give,Fox
2018-11-26,21,The Hate U Give,Fox
2018-11-27,19,The Hate U Give,Fox
2018-10-31,56,Beautiful Boy 2018,Amazon
2018-11-01,55,Beautiful Boy 2018,Amazon
2018-11-02,100,Beautiful Boy 2018,Amazon
2018-11-03,93,Beautiful Boy 2018,Amazon
2018-11-04,61,Beautiful Boy 2018,Amazon
2018-11-05,59,Beautiful Boy 2018,Amazon
2018-11-06,80,Beautiful Boy 2018,Amazon
2018-11-07,61,Beautiful Boy 2018,Amazon
2018-11-08,49,Beautiful Boy 2018,Amazon
2018-11-09,71,Beautiful Boy 2018,Amazon
2018-11-10,73,Beautiful Boy 2018,Amazon
2018-11-11,53,Beautiful Boy 2018,Amazon
2018-11-12,43,Beautiful Boy 2018,Amazon
2018-11-13,45,Beautiful Boy 2018,Amazon
2018-11-14,33,Beautiful Boy 2018,Amazon
2018-11-15,53,Beautiful Boy 2018,Amazon
2018-11-16,66,Beautiful Boy 2018,Amazon
2018-11-17,49,Beautiful Boy 2018,Amazon
2018-11-18,35,Beautiful Boy 2018,Amazon
2018-11-19,35,Beautiful Boy 2018,Amazon
2018-11-20,50,Beautiful Boy 2018,Amazon
2018-11-21,28,Beautiful Boy 2018,Amazon
2018-11-22,55,Beautiful Boy 2018,Amazon
2018-11-23,41,Beautiful Boy 2018,Amazon
2018-11-24,41,Beautiful Boy 2018,Amazon
2018-11-25,24,Beautiful Boy 2018,Amazon
2018-11-26,30,Beautiful Boy 2018,Amazon
2018-11-27,47,Beautiful Boy 2018,Amazon
2018-10-31,14,Pokemon the Movie The Power of Us,Fathom
2018-11-01,19,Pokemon the Movie The Power of Us,Fathom
2018-11-02,5,Pokemon the Movie The Power of Us,Fathom
2018-11-03,15,Pokemon the Movie The Power of Us,Fathom
2018-11-04,13,Pokemon the Movie The Power of Us,Fathom
2018-11-05,9,Pokemon the Movie The Power of Us,Fathom
2018-11-06,7,Pokemon the Movie The Power of Us,Fathom
2018-11-07,7,Pokemon the Movie The Power of Us,Fathom
2018-11-08,12,Pokemon the Movie The Power of Us,Fathom
2018-11-09,18,Pokemon the Movie The Power of Us,Fathom
2018-11-10,17,Pokemon the Movie The Power of Us,Fathom
2018-11-11,29,Pokemon the Movie The Power of Us,Fathom
2018-11-12,15,Pokemon the Movie The Power of Us,Fathom
2018-11-13,16,Pokemon the Movie The Power of Us,Fathom
2018-11-14,16,Pokemon the Movie The Power of Us,Fathom
2018-11-15,32,Pokemon the Movie The Power of Us,Fathom
2018-11-16,44,Pokemon the Movie The Power of Us,Fathom
2018-11-17,36,Pokemon the Movie The Power of Us,Fathom
2018-11-18,20,Pokemon the Movie The Power of Us,Fathom
2018-11-19,27,Pokemon the Movie The Power of Us,Fathom
2018-11-20,23,Pokemon the Movie The Power of Us,Fathom
2018-11-21,35,Pokemon the Movie The Power of Us,Fathom
2018-11-22,44,Pokemon the Movie The Power of Us,Fathom
2018-11-23,100,Pokemon the Movie The Power of Us,Fathom
2018-11-24,65,Pokemon the Movie The Power of Us,Fathom
2018-11-25,43,Pokemon the Movie The Power of Us,Fathom
2018-11-26,63,Pokemon the Movie The Power of Us,Fathom
2018-11-27,42,Pokemon the Movie The Power of Us,Fathom
2018-10-31,0,At Eternitys Gate,CBS
2018-11-01,0,At Eternitys Gate,CBS
2018-11-02,20,At Eternitys Gate,CBS
2018-11-03,0,At Eternitys Gate,CBS
2018-11-04,17,At Eternitys Gate,CBS
2018-11-05,17,At Eternitys Gate,CBS
2018-11-06,17,At Eternitys Gate,CBS
2018-11-07,0,At Eternitys Gate,CBS
2018-11-08,18,At Eternitys Gate,CBS
2018-11-09,20,At Eternitys Gate,CBS
2018-11-10,30,At Eternitys Gate,CBS
2018-11-11,0,At Eternitys Gate,CBS
2018-11-12,35,At Eternitys Gate,CBS
2018-11-13,44,At Eternitys Gate,CBS
2018-11-14,54,At Eternitys Gate,CBS
2018-11-15,92,At Eternitys Gate,CBS
2018-11-16,20,At Eternitys Gate,CBS
2018-11-17,60,At Eternitys Gate,CBS
2018-11-18,27,At Eternitys Gate,CBS
2018-11-19,26,At Eternitys Gate,CBS
2018-11-20,18,At Eternitys Gate,CBS
2018-11-21,55,At Eternitys Gate,CBS
2018-11-22,100,At Eternitys Gate,CBS
2018-11-23,79,At Eternitys Gate,CBS
2018-11-24,20,At Eternitys Gate,CBS
2018-11-25,0,At Eternitys Gate,CBS
2018-11-26,26,At Eternitys Gate,CBS
2018-11-27,79,At Eternitys Gate,CBS
2018-10-31,17,Maria by Callas,SPC
2018-11-01,42,Maria by Callas,SPC
2018-11-02,54,Maria by Callas,SPC
2018-11-03,66,Maria by Callas,SPC
2018-11-04,38,Maria by Callas,SPC
2018-11-05,49,Maria by Callas,SPC
2018-11-06,16,Maria by Callas,SPC
2018-11-07,46,Maria by Callas,SPC
2018-11-08,28,Maria by Callas,SPC
2018-11-09,50,Maria by Callas,SPC
2018-11-10,30,Maria by Callas,SPC
2018-11-11,39,Maria by Callas,SPC
2018-11-12,16,Maria by Callas,SPC
2018-11-13,23,Maria by Callas,SPC
2018-11-14,23,Maria by Callas,SPC
2018-11-15,27,Maria by Callas,SPC
2018-11-16,46,Maria by Callas,SPC
2018-11-17,75,Maria by Callas,SPC
2018-11-18,33,Maria by Callas,SPC
2018-11-19,30,Maria by Callas,SPC
2018-11-20,23,Maria by Callas,SPC
2018-11-21,24,Maria by Callas,SPC
2018-11-22,55,Maria by Callas,SPC
2018-11-23,100,Maria by Callas,SPC
2018-11-24,74,Maria by Callas,SPC
2018-11-25,51,Maria by Callas,SPC
2018-11-26,16,Maria by Callas,SPC
2018-11-27,33,Maria by Callas,SPC
2018-10-31,63,Night School 2018,Uni.
2018-11-01,82,Night School 2018,Uni.
2018-11-02,100,Night School 2018,Uni.
2018-11-03,82,Night School 2018,Uni.
2018-11-04,54,Night School 2018,Uni.
2018-11-05,52,Night School 2018,Uni.
2018-11-06,37,Night School 2018,Uni.
2018-11-07,44,Night School 2018,Uni.
2018-11-08,54,Night School 2018,Uni.
2018-11-09,79,Night School 2018,Uni.
2018-11-10,74,Night School 2018,Uni.
2018-11-11,59,Night School 2018,Uni.
2018-11-12,38,Night School 2018,Uni.
2018-11-13,52,Night School 2018,Uni.
2018-11-14,42,Night School 2018,Uni.
2018-11-15,50,Night School 2018,Uni.
2018-11-16,60,Night School 2018,Uni.
2018-11-17,77,Night School 2018,Uni.
2018-11-18,34,Night School 2018,Uni.
2018-11-19,43,Night School 2018,Uni.
2018-11-20,34,Night School 2018,Uni.
2018-11-21,43,Night School 2018,Uni.
2018-11-22,53,Night School 2018,Uni.
2018-11-23,66,Night School 2018,Uni.
2018-11-24,59,Night School 2018,Uni.
2018-11-25,43,Night School 2018,Uni.
2018-11-26,32,Night School 2018,Uni.
2018-11-27,27,Night School 2018,Uni.
2018-10-31,7,A Private War,Aviron
2018-11-01,15,A Private War,Aviron
2018-11-02,12,A Private War,Aviron
2018-11-03,14,A Private War,Aviron
2018-11-04,11,A Private War,Aviron
2018-11-05,13,A Private War,Aviron
2018-11-06,18,A Private War,Aviron
2018-11-07,23,A Private War,Aviron
2018-11-08,28,A Private War,Aviron
2018-11-09,36,A Private War,Aviron
2018-11-10,23,A Private War,Aviron
2018-11-11,21,A Private War,Aviron
2018-11-12,16,A Private War,Aviron
2018-11-13,16,A Private War,Aviron
2018-11-14,29,A Private War,Aviron
2018-11-15,67,A Private War,Aviron
2018-11-16,100,A Private War,Aviron
2018-11-17,73,A Private War,Aviron
2018-11-18,39,A Private War,Aviron
2018-11-19,33,A Private War,Aviron
2018-11-20,24,A Private War,Aviron
2018-11-21,24,A Private War,Aviron
2018-11-22,36,A Private War,Aviron
2018-11-23,50,A Private War,Aviron
2018-11-24,37,A Private War,Aviron
2018-11-25,14,A Private War,Aviron
2018-11-26,19,A Private War,Aviron
2018-11-27,13,A Private War,Aviron
2018-10-31,54,The House With A Clock In Its Walls,Uni.
2018-11-01,66,The House With A Clock In Its Walls,Uni.
2018-11-02,100,The House With A Clock In Its Walls,Uni.
2018-11-03,64,The House With A Clock In Its Walls,Uni.
2018-11-04,41,The House With A Clock In Its Walls,Uni.
2018-11-05,35,The House With A Clock In Its Walls,Uni.
2018-11-06,28,The House With A Clock In Its Walls,Uni.
2018-11-07,29,The House With A Clock In Its Walls,Uni.
2018-11-08,37,The House With A Clock In Its Walls,Uni.
2018-11-09,58,The House With A Clock In Its Walls,Uni.
2018-11-10,46,The House With A Clock In Its Walls,Uni.
2018-11-11,30,The House With A Clock In Its Walls,Uni.
2018-11-12,24,The House With A Clock In Its Walls,Uni.
2018-11-13,20,The House With A Clock In Its Walls,Uni.
2018-11-14,19,The House With A Clock In Its Walls,Uni.
2018-11-15,24,The House With A Clock In Its Walls,Uni.
2018-11-16,42,The House With A Clock In Its Walls,Uni.
2018-11-17,32,The House With A Clock In Its Walls,Uni.
2018-11-18,21,The House With A Clock In Its Walls,Uni.
2018-11-19,15,The House With A Clock In Its Walls,Uni.
2018-11-20,19,The House With A Clock In Its Walls,Uni.
2018-11-21,25,The House With A Clock In Its Walls,Uni.
2018-11-22,58,The House With A Clock In Its Walls,Uni.
2018-11-23,63,The House With A Clock In Its Walls,Uni.
2018-11-24,52,The House With A Clock In Its Walls,Uni.
2018-11-25,36,The House With A Clock In Its Walls,Uni.
2018-11-26,76,The House With A Clock In Its Walls,Uni.
2018-11-27,90,The House With A Clock In Its Walls,Uni.
2018-10-31,73,First Man,Uni.
2018-11-01,80,First Man,Uni.
2018-11-02,100,First Man,Uni.
2018-11-03,82,First Man,Uni.
2018-11-04,49,First Man,Uni.
2018-11-05,55,First Man,Uni.
2018-11-06,43,First Man,Uni.
2018-11-07,42,First Man,Uni.
2018-11-08,49,First Man,Uni.
2018-11-09,65,First Man,Uni.
2018-11-10,56,First Man,Uni.
2018-11-11,41,First Man,Uni.
2018-11-12,80,First Man,Uni.
2018-11-13,37,First Man,Uni.
2018-11-14,30,First Man,Uni.
2018-11-15,31,First Man,Uni.
2018-11-16,39,First Man,Uni.
2018-11-17,37,First Man,Uni.
2018-11-18,27,First Man,Uni.
2018-11-19,34,First Man,Uni.
2018-11-20,39,First Man,Uni.
2018-11-21,35,First Man,Uni.
2018-11-22,39,First Man,Uni.
2018-11-23,45,First Man,Uni.
2018-11-24,43,First Man,Uni.
2018-11-25,30,First Man,Uni.
2018-11-26,31,First Man,Uni.
2018-11-27,25,First Man,Uni.
2018-10-31,100,Halloween 2018,Uni.
2018-11-01,53,Halloween 2018,Uni.
2018-11-02,32,Halloween 2018,Uni.
2018-11-03,22,Halloween 2018,Uni.
2018-11-04,16,Halloween 2018,Uni.
2018-11-05,13,Halloween 2018,Uni.
2018-11-06,12,Halloween 2018,Uni.
2018-11-07,10,Halloween 2018,Uni.
2018-11-08,11,Halloween 2018,Uni.
2018-11-09,10,Halloween 2018,Uni.
2018-11-10,9,Halloween 2018,Uni.
2018-11-11,7,Halloween 2018,Uni.
2018-11-12,6,Halloween 2018,Uni.
2018-11-13,6,Halloween 2018,Uni.
2018-11-14,5,Halloween 2018,Uni.
2018-11-15,6,Halloween 2018,Uni.
2018-11-16,6,Halloween 2018,Uni.
2018-11-17,6,Halloween 2018,Uni.
2018-11-18,4,Halloween 2018,Uni.
2018-11-19,4,Halloween 2018,Uni.
2018-11-20,4,Halloween 2018,Uni.
2018-11-21,4,Halloween 2018,Uni.
2018-11-22,4,Halloween 2018,Uni.
2018-11-23,4,Halloween 2018,Uni.
2018-11-24,4,Halloween 2018,Uni.
2018-11-25,3,Halloween 2018,Uni.
2018-11-26,3,Halloween 2018,Uni.
2018-11-27,4,Halloween 2018,Uni.
2018-10-31,48,The Old Man  the Gun,FoxS
2018-11-01,77,The Old Man  the Gun,FoxS
2018-11-02,100,The Old Man  the Gun,FoxS
2018-11-03,90,The Old Man  the Gun,FoxS
2018-11-04,51,The Old Man  the Gun,FoxS
2018-11-05,53,The Old Man  the Gun,FoxS
2018-11-06,34,The Old Man  the Gun,FoxS
2018-11-07,38,The Old Man  the Gun,FoxS
2018-11-08,48,The Old Man  the Gun,FoxS
2018-11-09,60,The Old Man  the Gun,FoxS
2018-11-10,50,The Old Man  the Gun,FoxS
2018-11-11,32,The Old Man  the Gun,FoxS
2018-11-12,25,The Old Man  the Gun,FoxS
2018-11-13,24,The Old Man  the Gun,FoxS
2018-11-14,26,The Old Man  the Gun,FoxS
2018-11-15,30,The Old Man  the Gun,FoxS
2018-11-16,35,The Old Man  the Gun,FoxS
2018-11-17,28,The Old Man  the Gun,FoxS
2018-11-18,16,The Old Man  the Gun,FoxS
2018-11-19,17,The Old Man  the Gun,FoxS
2018-11-20,20,The Old Man  the Gun,FoxS
2018-11-21,17,The Old Man  the Gun,FoxS
2018-11-22,23,The Old Man  the Gun,FoxS
2018-11-23,30,The Old Man  the Gun,FoxS
2018-11-24,22,The Old Man  the Gun,FoxS
2018-11-25,17,The Old Man  the Gun,FoxS
2018-11-26,15,The Old Man  the Gun,FoxS
2018-11-27,11,The Old Man  the Gun,FoxS
2018-10-31,0,Superman 40th Anniversary,Fathom
2018-11-01,0,Superman 40th Anniversary,Fathom
2018-11-02,0,Superman 40th Anniversary,Fathom
2018-11-03,37,Superman 40th Anniversary,Fathom
2018-11-04,32,Superman 40th Anniversary,Fathom
2018-11-05,67,Superman 40th Anniversary,Fathom
2018-11-06,0,Superman 40th Anniversary,Fathom
2018-11-07,100,Superman 40th Anniversary,Fathom
2018-11-08,35,Superman 40th Anniversary,Fathom
2018-11-09,39,Superman 40th Anniversary,Fathom
2018-11-10,0,Superman 40th Anniversary,Fathom
2018-11-11,0,Superman 40th Anniversary,Fathom
2018-11-12,0,Superman 40th Anniversary,Fathom
2018-11-13,33,Superman 40th Anniversary,Fathom
2018-11-14,51,Superman 40th Anniversary,Fathom
2018-11-15,35,Superman 40th Anniversary,Fathom
2018-11-16,0,Superman 40th Anniversary,Fathom
2018-11-17,77,Superman 40th Anniversary,Fathom
2018-11-18,0,Superman 40th Anniversary,Fathom
2018-11-19,0,Superman 40th Anniversary,Fathom
2018-11-20,34,Superman 40th Anniversary,Fathom
2018-11-21,35,Superman 40th Anniversary,Fathom
2018-11-22,52,Superman 40th Anniversary,Fathom
2018-11-23,38,Superman 40th Anniversary,Fathom
2018-11-24,0,Superman 40th Anniversary,Fathom
2018-11-25,65,Superman 40th Anniversary,Fathom
2018-11-26,32,Superman 40th Anniversary,Fathom
2018-11-27,100,Superman 40th Anniversary,Fathom
2018-10-31,20,Shoplifters,Magn.
2018-11-01,24,Shoplifters,Magn.
2018-11-02,20,Shoplifters,Magn.
2018-11-03,23,Shoplifters,Magn.
2018-11-04,19,Shoplifters,Magn.
2018-11-05,20,Shoplifters,Magn.
2018-11-06,19,Shoplifters,Magn.
2018-11-07,31,Shoplifters,Magn.
2018-11-08,22,Shoplifters,Magn.
2018-11-09,25,Shoplifters,Magn.
2018-11-10,35,Shoplifters,Magn.
2018-11-11,24,Shoplifters,Magn.
2018-11-12,24,Shoplifters,Magn.
2018-11-13,16,Shoplifters,Magn.
2018-11-14,31,Shoplifters,Magn.
2018-11-15,34,Shoplifters,Magn.
2018-11-16,51,Shoplifters,Magn.
2018-11-17,38,Shoplifters,Magn.
2018-11-18,35,Shoplifters,Magn.
2018-11-19,38,Shoplifters,Magn.
2018-11-20,53,Shoplifters,Magn.
2018-11-21,47,Shoplifters,Magn.
2018-11-22,77,Shoplifters,Magn.
2018-11-23,100,Shoplifters,Magn.
2018-11-24,84,Shoplifters,Magn.
2018-11-25,64,Shoplifters,Magn.
2018-11-26,66,Shoplifters,Magn.
2018-11-27,62,Shoplifters,Magn.
2018-10-31,23,Crazy Rich Asians,WB
2018-11-01,29,Crazy Rich Asians,WB
2018-11-02,37,Crazy Rich Asians,WB
2018-11-03,35,Crazy Rich Asians,WB
2018-11-04,25,Crazy Rich Asians,WB
2018-11-05,32,Crazy Rich Asians,WB
2018-11-06,48,Crazy Rich Asians,WB
2018-11-07,47,Crazy Rich Asians,WB
2018-11-08,55,Crazy Rich Asians,WB
2018-11-09,84,Crazy Rich Asians,WB
2018-11-10,83,Crazy Rich Asians,WB
2018-11-11,53,Crazy Rich Asians,WB
2018-11-12,37,Crazy Rich Asians,WB
2018-11-13,34,Crazy Rich Asians,WB
2018-11-14,35,Crazy Rich Asians,WB
2018-11-15,38,Crazy Rich Asians,WB
2018-11-16,61,Crazy Rich Asians,WB
2018-11-17,61,Crazy Rich Asians,WB
2018-11-18,40,Crazy Rich Asians,WB
2018-11-19,38,Crazy Rich Asians,WB
2018-11-20,53,Crazy Rich Asians,WB
2018-11-21,66,Crazy Rich Asians,WB
2018-11-22,76,Crazy Rich Asians,WB
2018-11-23,98,Crazy Rich Asians,WB
2018-11-24,100,Crazy Rich Asians,WB
2018-11-25,51,Crazy Rich Asians,WB
2018-11-26,39,Crazy Rich Asians,WB
2018-11-27,32,Crazy Rich Asians,WB
2018-10-31,17,A Cool Fish,CL
2018-11-01,17,A Cool Fish,CL
2018-11-02,7,A Cool Fish,CL
2018-11-03,0,A Cool Fish,CL
2018-11-04,19,A Cool Fish,CL
2018-11-05,38,A Cool Fish,CL
2018-11-06,13,A Cool Fish,CL
2018-11-07,13,A Cool Fish,CL
2018-11-08,20,A Cool Fish,CL
2018-11-09,22,A Cool Fish,CL
2018-11-10,25,A Cool Fish,CL
2018-11-11,10,A Cool Fish,CL
2018-11-12,16,A Cool Fish,CL
2018-11-13,19,A Cool Fish,CL
2018-11-14,26,A Cool Fish,CL
2018-11-15,80,A Cool Fish,CL
2018-11-16,100,A Cool Fish,CL
2018-11-17,62,A Cool Fish,CL
2018-11-18,39,A Cool Fish,CL
2018-11-19,51,A Cool Fish,CL
2018-11-20,65,A Cool Fish,CL
2018-11-21,93,A Cool Fish,CL
2018-11-22,86,A Cool Fish,CL
2018-11-23,72,A Cool Fish,CL
2018-11-24,47,A Cool Fish,CL
2018-11-25,47,A Cool Fish,CL
2018-11-26,63,A Cool Fish,CL
2018-11-27,48,A Cool Fish,CL
2018-10-31,57,Border,Neon
2018-11-01,56,Border,Neon
2018-11-02,55,Border,Neon
2018-11-03,54,Border,Neon
2018-11-04,56,Border,Neon
2018-11-05,52,Border,Neon
2018-11-06,53,Border,Neon
2018-11-07,51,Border,Neon
2018-11-08,47,Border,Neon
2018-11-09,45,Border,Neon
2018-11-10,45,Border,Neon
2018-11-11,47,Border,Neon
2018-11-12,50,Border,Neon
2018-11-13,54,Border,Neon
2018-11-14,53,Border,Neon
2018-11-15,51,Border,Neon
2018-11-16,49,Border,Neon
2018-11-17,51,Border,Neon
2018-11-18,54,Border,Neon
2018-11-19,53,Border,Neon
2018-11-20,48,Border,Neon
2018-11-21,47,Border,Neon
2018-11-22,48,Border,Neon
2018-11-23,48,Border,Neon
2018-11-24,70,Border,Neon
2018-11-25,100,Border,Neon
2018-11-26,80,Border,Neon
2018-11-27,67,Border,Neon
2018-10-31,79,Wildlife,IFC
2018-11-01,80,Wildlife,IFC
2018-11-02,79,Wildlife,IFC
2018-11-03,84,Wildlife,IFC
2018-11-04,82,Wildlife,IFC
2018-11-05,74,Wildlife,IFC
2018-11-06,70,Wildlife,IFC
2018-11-07,76,Wildlife,IFC
2018-11-08,83,Wildlife,IFC
2018-11-09,81,Wildlife,IFC
2018-11-10,83,Wildlife,IFC
2018-11-11,80,Wildlife,IFC
2018-11-12,78,Wildlife,IFC
2018-11-13,78,Wildlife,IFC
2018-11-14,77,Wildlife,IFC
2018-11-15,78,Wildlife,IFC
2018-11-16,79,Wildlife,IFC
2018-11-17,100,Wildlife,IFC
2018-11-18,81,Wildlife,IFC
2018-11-19,78,Wildlife,IFC
2018-11-20,71,Wildlife,IFC
2018-11-21,67,Wildlife,IFC
2018-11-22,71,Wildlife,IFC
2018-11-23,75,Wildlife,IFC
2018-11-24,74,Wildlife,IFC
2018-11-25,77,Wildlife,IFC
2018-11-26,75,Wildlife,IFC
2018-11-27,74,Wildlife,IFC
2018-10-31,46,Incredibles 2,BV
2018-11-01,57,Incredibles 2,BV
2018-11-02,81,Incredibles 2,BV
2018-11-03,72,Incredibles 2,BV
2018-11-04,48,Incredibles 2,BV
2018-11-05,54,Incredibles 2,BV
2018-11-06,53,Incredibles 2,BV
2018-11-07,49,Incredibles 2,BV
2018-11-08,60,Incredibles 2,BV
2018-11-09,98,Incredibles 2,BV
2018-11-10,100,Incredibles 2,BV
2018-11-11,62,Incredibles 2,BV
2018-11-12,47,Incredibles 2,BV
2018-11-13,40,Incredibles 2,BV
2018-11-14,37,Incredibles 2,BV
2018-11-15,43,Incredibles 2,BV
2018-11-16,67,Incredibles 2,BV
2018-11-17,65,Incredibles 2,BV
2018-11-18,39,Incredibles 2,BV
2018-11-19,30,Incredibles 2,BV
2018-11-20,32,Incredibles 2,BV
2018-11-21,44,Incredibles 2,BV
2018-11-22,49,Incredibles 2,BV
2018-11-23,52,Incredibles 2,BV
2018-11-24,51,Incredibles 2,BV
2018-11-25,29,Incredibles 2,BV
2018-11-26,24,Incredibles 2,BV
2018-11-27,23,Incredibles 2,BV
2018-10-31,41,Mid90s,A24
2018-11-01,73,Mid90s,A24
2018-11-02,100,Mid90s,A24
2018-11-03,81,Mid90s,A24
2018-11-04,48,Mid90s,A24
2018-11-05,39,Mid90s,A24
2018-11-06,37,Mid90s,A24
2018-11-07,32,Mid90s,A24
2018-11-08,31,Mid90s,A24
2018-11-09,42,Mid90s,A24
2018-11-10,34,Mid90s,A24
2018-11-11,23,Mid90s,A24
2018-11-12,17,Mid90s,A24
2018-11-13,18,Mid90s,A24
2018-11-14,16,Mid90s,A24
2018-11-15,13,Mid90s,A24
2018-11-16,17,Mid90s,A24
2018-11-17,15,Mid90s,A24
2018-11-18,9,Mid90s,A24
2018-11-19,10,Mid90s,A24
2018-11-20,11,Mid90s,A24
2018-11-21,10,Mid90s,A24
2018-11-22,11,Mid90s,A24
2018-11-23,11,Mid90s,A24
2018-11-24,9,Mid90s,A24
2018-11-25,8,Mid90s,A24
2018-11-26,7,Mid90s,A24
2018-11-27,8,Mid90s,A24
2018-10-31,76,Suspiria,Amazon
2018-11-01,90,Suspiria,Amazon
2018-11-02,100,Suspiria,Amazon
2018-11-03,91,Suspiria,Amazon
2018-11-04,61,Suspiria,Amazon
2018-11-05,51,Suspiria,Amazon
2018-11-06,46,Suspiria,Amazon
2018-11-07,51,Suspiria,Amazon
2018-11-08,54,Suspiria,Amazon
2018-11-09,67,Suspiria,Amazon
2018-11-10,61,Suspiria,Amazon
2018-11-11,50,Suspiria,Amazon
2018-11-12,45,Suspiria,Amazon
2018-11-13,48,Suspiria,Amazon
2018-11-14,44,Suspiria,Amazon
2018-11-15,42,Suspiria,Amazon
2018-11-16,55,Suspiria,Amazon
2018-11-17,51,Suspiria,Amazon
2018-11-18,37,Suspiria,Amazon
2018-11-19,34,Suspiria,Amazon
2018-11-20,31,Suspiria,Amazon
2018-11-21,27,Suspiria,Amazon
2018-11-22,30,Suspiria,Amazon
2018-11-23,39,Suspiria,Amazon
2018-11-24,33,Suspiria,Amazon
2018-11-25,24,Suspiria,Amazon
2018-11-26,21,Suspiria,Amazon
2018-11-27,34,Suspiria,Amazon
2018-10-31,100,Goosebumps 2 Haunted Halloween,Sony
2018-11-01,74,Goosebumps 2 Haunted Halloween,Sony
2018-11-02,95,Goosebumps 2 Haunted Halloween,Sony
2018-11-03,44,Goosebumps 2 Haunted Halloween,Sony
2018-11-04,22,Goosebumps 2 Haunted Halloween,Sony
2018-11-05,52,Goosebumps 2 Haunted Halloween,Sony
2018-11-06,34,Goosebumps 2 Haunted Halloween,Sony
2018-11-07,40,Goosebumps 2 Haunted Halloween,Sony
2018-11-08,44,Goosebumps 2 Haunted Halloween,Sony
2018-11-09,43,Goosebumps 2 Haunted Halloween,Sony
2018-11-10,31,Goosebumps 2 Haunted Halloween,Sony
2018-11-11,17,Goosebumps 2 Haunted Halloween,Sony
2018-11-12,22,Goosebumps 2 Haunted Halloween,Sony
2018-11-13,7,Goosebumps 2 Haunted Halloween,Sony
2018-11-14,20,Goosebumps 2 Haunted Halloween,Sony
2018-11-15,21,Goosebumps 2 Haunted Halloween,Sony
2018-11-16,17,Goosebumps 2 Haunted Halloween,Sony
2018-11-17,17,Goosebumps 2 Haunted Halloween,Sony
2018-11-18,15,Goosebumps 2 Haunted Halloween,Sony
2018-11-19,10,Goosebumps 2 Haunted Halloween,Sony
2018-11-20,10,Goosebumps 2 Haunted Halloween,Sony
2018-11-21,10,Goosebumps 2 Haunted Halloween,Sony
2018-11-22,13,Goosebumps 2 Haunted Halloween,Sony
2018-11-23,8,Goosebumps 2 Haunted Halloween,Sony
2018-11-24,14,Goosebumps 2 Haunted Halloween,Sony
2018-11-25,12,Goosebumps 2 Haunted Halloween,Sony
2018-11-26,10,Goosebumps 2 Haunted Halloween,Sony
2018-11-27,12,Goosebumps 2 Haunted Halloween,Sony
2018-10-31,83,Burning,WGUSA
2018-11-01,84,Burning,WGUSA
2018-11-02,85,Burning,WGUSA
2018-11-03,89,Burning,WGUSA
2018-11-04,87,Burning,WGUSA
2018-11-05,94,Burning,WGUSA
2018-11-06,84,Burning,WGUSA
2018-11-07,86,Burning,WGUSA
2018-11-08,89,Burning,WGUSA
2018-11-09,96,Burning,WGUSA
2018-11-10,100,Burning,WGUSA
2018-11-11,90,Burning,WGUSA
2018-11-12,89,Burning,WGUSA
2018-11-13,86,Burning,WGUSA
2018-11-14,90,Burning,WGUSA
2018-11-15,88,Burning,WGUSA
2018-11-16,92,Burning,WGUSA
2018-11-17,96,Burning,WGUSA
2018-11-18,87,Burning,WGUSA
2018-11-19,80,Burning,WGUSA
2018-11-20,81,Burning,WGUSA
2018-11-21,78,Burning,WGUSA
2018-11-22,73,Burning,WGUSA
2018-11-23,86,Burning,WGUSA
2018-11-24,90,Burning,WGUSA
2018-11-25,81,Burning,WGUSA
2018-11-26,80,Burning,WGUSA
2018-11-27,83,Burning,WGUSA
2018-10-31,50,Hunter Killer,LG/S
2018-11-01,73,Hunter Killer,LG/S
2018-11-02,100,Hunter Killer,LG/S
2018-11-03,82,Hunter Killer,LG/S
2018-11-04,46,Hunter Killer,LG/S
2018-11-05,39,Hunter Killer,LG/S
2018-11-06,36,Hunter Killer,LG/S
2018-11-07,32,Hunter Killer,LG/S
2018-11-08,35,Hunter Killer,LG/S
2018-11-09,49,Hunter Killer,LG/S
2018-11-10,39,Hunter Killer,LG/S
2018-11-11,25,Hunter Killer,LG/S
2018-11-12,20,Hunter Killer,LG/S
2018-11-13,18,Hunter Killer,LG/S
2018-11-14,14,Hunter Killer,LG/S
2018-11-15,14,Hunter Killer,LG/S
2018-11-16,20,Hunter Killer,LG/S
2018-11-17,18,Hunter Killer,LG/S
2018-11-18,11,Hunter Killer,LG/S
2018-11-19,10,Hunter Killer,LG/S
2018-11-20,10,Hunter Killer,LG/S
2018-11-21,10,Hunter Killer,LG/S
2018-11-22,13,Hunter Killer,LG/S
2018-11-23,14,Hunter Killer,LG/S
2018-11-24,12,Hunter Killer,LG/S
2018-11-25,7,Hunter Killer,LG/S
2018-11-26,7,Hunter Killer,LG/S
2018-11-27,6,Hunter Killer,LG/S
2018-10-31,24,The World Before Your Feet,Greenwich
2018-11-01,24,The World Before Your Feet,Greenwich
2018-11-02,0,The World Before Your Feet,Greenwich
2018-11-03,25,The World Before Your Feet,Greenwich
2018-11-04,32,The World Before Your Feet,Greenwich
2018-11-05,22,The World Before Your Feet,Greenwich
2018-11-06,0,The World Before Your Feet,Greenwich
2018-11-07,44,The World Before Your Feet,Greenwich
2018-11-08,23,The World Before Your Feet,Greenwich
2018-11-09,0,The World Before Your Feet,Greenwich
2018-11-10,25,The World Before Your Feet,Greenwich
2018-11-11,45,The World Before Your Feet,Greenwich
2018-11-12,22,The World Before Your Feet,Greenwich
2018-11-13,22,The World Before Your Feet,Greenwich
2018-11-14,0,The World Before Your Feet,Greenwich
2018-11-15,23,The World Before Your Feet,Greenwich
2018-11-16,26,The World Before Your Feet,Greenwich
2018-11-17,26,The World Before Your Feet,Greenwich
2018-11-18,34,The World Before Your Feet,Greenwich
2018-11-19,78,The World Before Your Feet,Greenwich
2018-11-20,68,The World Before Your Feet,Greenwich
2018-11-21,58,The World Before Your Feet,Greenwich
2018-11-22,69,The World Before Your Feet,Greenwich
2018-11-23,62,The World Before Your Feet,Greenwich
2018-11-24,50,The World Before Your Feet,Greenwich
2018-11-25,65,The World Before Your Feet,Greenwich
2018-11-26,44,The World Before Your Feet,Greenwich
2018-11-27,100,The World Before Your Feet,Greenwich
2018-10-31,81,Bad Times At The El Royale,Fox
2018-11-01,80,Bad Times At The El Royale,Fox
2018-11-02,100,Bad Times At The El Royale,Fox
2018-11-03,74,Bad Times At The El Royale,Fox
2018-11-04,51,Bad Times At The El Royale,Fox
2018-11-05,34,Bad Times At The El Royale,Fox
2018-11-06,40,Bad Times At The El Royale,Fox
2018-11-07,30,Bad Times At The El Royale,Fox
2018-11-08,36,Bad Times At The El Royale,Fox
2018-11-09,58,Bad Times At The El Royale,Fox
2018-11-10,46,Bad Times At The El Royale,Fox
2018-11-11,28,Bad Times At The El Royale,Fox
2018-11-12,21,Bad Times At The El Royale,Fox
2018-11-13,20,Bad Times At The El Royale,Fox
2018-11-14,22,Bad Times At The El Royale,Fox
2018-11-15,31,Bad Times At The El Royale,Fox
2018-11-16,44,Bad Times At The El Royale,Fox
2018-11-17,38,Bad Times At The El Royale,Fox
2018-11-18,15,Bad Times At The El Royale,Fox
2018-11-19,19,Bad Times At The El Royale,Fox
2018-11-20,21,Bad Times At The El Royale,Fox
2018-11-21,20,Bad Times At The El Royale,Fox
2018-11-22,28,Bad Times At The El Royale,Fox
2018-11-23,29,Bad Times At The El Royale,Fox
2018-11-24,35,Bad Times At The El Royale,Fox
2018-11-25,14,Bad Times At The El Royale,Fox
2018-11-26,16,Bad Times At The El Royale,Fox
2018-11-27,14,Bad Times At The El Royale,Fox
2018-10-31,52,Colette,BST
2018-11-01,53,Colette,BST
2018-11-02,70,Colette,BST
2018-11-03,64,Colette,BST
2018-11-04,50,Colette,BST
2018-11-05,43,Colette,BST
2018-11-06,42,Colette,BST
2018-11-07,50,Colette,BST
2018-11-08,58,Colette,BST
2018-11-09,67,Colette,BST
2018-11-10,60,Colette,BST
2018-11-11,62,Colette,BST
2018-11-12,47,Colette,BST
2018-11-13,49,Colette,BST
2018-11-14,47,Colette,BST
2018-11-15,49,Colette,BST
2018-11-16,81,Colette,BST
2018-11-17,74,Colette,BST
2018-11-18,45,Colette,BST
2018-11-19,45,Colette,BST
2018-11-20,55,Colette,BST
2018-11-21,53,Colette,BST
2018-11-22,49,Colette,BST
2018-11-23,100,Colette,BST
2018-11-24,75,Colette,BST
2018-11-25,58,Colette,BST
2018-11-26,48,Colette,BST
2018-11-27,45,Colette,BST
2018-10-31,95,Disneys Christopher Robin,BV
2018-11-01,0,Disneys Christopher Robin,BV
2018-11-02,0,Disneys Christopher Robin,BV
2018-11-03,100,Disneys Christopher Robin,BV
2018-11-04,0,Disneys Christopher Robin,BV
2018-11-05,0,Disneys Christopher Robin,BV
2018-11-06,0,Disneys Christopher Robin,BV
2018-11-07,0,Disneys Christopher Robin,BV
2018-11-08,94,Disneys Christopher Robin,BV
2018-11-09,0,Disneys Christopher Robin,BV
2018-11-10,0,Disneys Christopher Robin,BV
2018-11-11,0,Disneys Christopher Robin,BV
2018-11-12,0,Disneys Christopher Robin,BV
2018-11-13,0,Disneys Christopher Robin,BV
2018-11-14,0,Disneys Christopher Robin,BV
2018-11-15,0,Disneys Christopher Robin,BV
2018-11-16,0,Disneys Christopher Robin,BV
2018-11-17,0,Disneys Christopher Robin,BV
2018-11-18,0,Disneys Christopher Robin,BV
2018-11-19,0,Disneys Christopher Robin,BV
2018-11-20,0,Disneys Christopher Robin,BV
2018-11-21,0,Disneys Christopher Robin,BV
2018-11-22,93,Disneys Christopher Robin,BV
2018-11-23,0,Disneys Christopher Robin,BV
2018-11-24,0,Disneys Christopher Robin,BV
2018-11-25,0,Disneys Christopher Robin,BV
2018-11-26,0,Disneys Christopher Robin,BV
2018-11-27,0,Disneys Christopher Robin,BV
2018-10-31,51,Tea with the Dames,IFC
2018-11-01,63,Tea with the Dames,IFC
2018-11-02,56,Tea with the Dames,IFC
2018-11-03,100,Tea with the Dames,IFC
2018-11-04,27,Tea with the Dames,IFC
2018-11-05,31,Tea with the Dames,IFC
2018-11-06,27,Tea with the Dames,IFC
2018-11-07,41,Tea with the Dames,IFC
2018-11-08,65,Tea with the Dames,IFC
2018-11-09,72,Tea with the Dames,IFC
2018-11-10,54,Tea with the Dames,IFC
2018-11-11,24,Tea with the Dames,IFC
2018-11-12,31,Tea with the Dames,IFC
2018-11-13,35,Tea with the Dames,IFC
2018-11-14,35,Tea with the Dames,IFC
2018-11-15,32,Tea with the Dames,IFC
2018-11-16,16,Tea with the Dames,IFC
2018-11-17,20,Tea with the Dames,IFC
2018-11-18,18,Tea with the Dames,IFC
2018-11-19,7,Tea with the Dames,IFC
2018-11-20,39,Tea with the Dames,IFC
2018-11-21,32,Tea with the Dames,IFC
2018-11-22,47,Tea with the Dames,IFC
2018-11-23,27,Tea with the Dames,IFC
2018-11-24,31,Tea with the Dames,IFC
2018-11-25,17,Tea with the Dames,IFC
2018-11-26,14,Tea with the Dames,IFC
2018-11-27,21,Tea with the Dames,IFC
2018-10-31,80,Hotel Transylvania 3 Summer Vacation,Sony
2018-11-01,81,Hotel Transylvania 3 Summer Vacation,Sony
2018-11-02,88,Hotel Transylvania 3 Summer Vacation,Sony
2018-11-03,96,Hotel Transylvania 3 Summer Vacation,Sony
2018-11-04,94,Hotel Transylvania 3 Summer Vacation,Sony
2018-11-05,75,Hotel Transylvania 3 Summer Vacation,Sony
2018-11-06,63,Hotel Transylvania 3 Summer Vacation,Sony
2018-11-07,65,Hotel Transylvania 3 Summer Vacation,Sony
2018-11-08,45,Hotel Transylvania 3 Summer Vacation,Sony
2018-11-09,38,Hotel Transylvania 3 Summer Vacation,Sony
2018-11-10,61,Hotel Transylvania 3 Summer Vacation,Sony
2018-11-11,43,Hotel Transylvania 3 Summer Vacation,Sony
2018-11-12,32,Hotel Transylvania 3 Summer Vacation,Sony
2018-11-13,33,Hotel Transylvania 3 Summer Vacation,Sony
2018-11-14,22,Hotel Transylvania 3 Summer Vacation,Sony
2018-11-15,68,Hotel Transylvania 3 Summer Vacation,Sony
2018-11-16,100,Hotel Transylvania 3 Summer Vacation,Sony
2018-11-17,25,Hotel Transylvania 3 Summer Vacation,Sony
2018-11-18,44,Hotel Transylvania 3 Summer Vacation,Sony
2018-11-19,54,Hotel Transylvania 3 Summer Vacation,Sony
2018-11-20,33,Hotel Transylvania 3 Summer Vacation,Sony
2018-11-21,45,Hotel Transylvania 3 Summer Vacation,Sony
2018-11-22,56,Hotel Transylvania 3 Summer Vacation,Sony
2018-11-23,36,Hotel Transylvania 3 Summer Vacation,Sony
2018-11-24,61,Hotel Transylvania 3 Summer Vacation,Sony
2018-11-25,42,Hotel Transylvania 3 Summer Vacation,Sony
2018-11-26,85,Hotel Transylvania 3 Summer Vacation,Sony
2018-11-27,32,Hotel Transylvania 3 Summer Vacation,Sony
2018-10-31,47,Indivisible,PFR
2018-11-01,78,Indivisible,PFR
2018-11-02,100,Indivisible,PFR
2018-11-03,83,Indivisible,PFR
2018-11-04,46,Indivisible,PFR
2018-11-05,62,Indivisible,PFR
2018-11-06,31,Indivisible,PFR
2018-11-07,37,Indivisible,PFR
2018-11-08,32,Indivisible,PFR
2018-11-09,35,Indivisible,PFR
2018-11-10,28,Indivisible,PFR
2018-11-11,19,Indivisible,PFR
2018-11-12,16,Indivisible,PFR
2018-11-13,36,Indivisible,PFR
2018-11-14,13,Indivisible,PFR
2018-11-15,9,Indivisible,PFR
2018-11-16,11,Indivisible,PFR
2018-11-17,9,Indivisible,PFR
2018-11-18,7,Indivisible,PFR
2018-11-19,9,Indivisible,PFR
2018-11-20,7,Indivisible,PFR
2018-11-21,6,Indivisible,PFR
2018-11-22,6,Indivisible,PFR
2018-11-23,7,Indivisible,PFR
2018-11-24,8,Indivisible,PFR
2018-11-25,7,Indivisible,PFR
2018-11-26,6,Indivisible,PFR
2018-11-27,6,Indivisible,PFR
2018-10-31,67,El Angel,Orch.
2018-11-01,67,El Angel,Orch.
2018-11-02,69,El Angel,Orch.
2018-11-03,100,El Angel,Orch.
2018-11-04,78,El Angel,Orch.
2018-11-05,66,El Angel,Orch.
2018-11-06,69,El Angel,Orch.
2018-11-07,73,El Angel,Orch.
2018-11-08,77,El Angel,Orch.
2018-11-09,82,El Angel,Orch.
2018-11-10,69,El Angel,Orch.
2018-11-11,71,El Angel,Orch.
2018-11-12,62,El Angel,Orch.
2018-11-13,67,El Angel,Orch.
2018-11-14,74,El Angel,Orch.
2018-11-15,71,El Angel,Orch.
2018-11-16,89,El Angel,Orch.
2018-11-17,97,El Angel,Orch.
2018-11-18,84,El Angel,Orch.
2018-11-19,84,El Angel,Orch.
2018-11-20,78,El Angel,Orch.
2018-11-21,80,El Angel,Orch.
2018-11-22,69,El Angel,Orch.
2018-11-23,74,El Angel,Orch.
2018-11-24,76,El Angel,Orch.
2018-11-25,73,El Angel,Orch.
2018-11-26,74,El Angel,Orch.
2018-11-27,78,El Angel,Orch.
2018-10-31,0,A tous ceux qui ne me lisent pas,EOne
2018-11-01,0,A tous ceux qui ne me lisent pas,EOne
2018-11-02,0,A tous ceux qui ne me lisent pas,EOne
2018-11-03,0,A tous ceux qui ne me lisent pas,EOne
2018-11-04,0,A tous ceux qui ne me lisent pas,EOne
2018-11-05,0,A tous ceux qui ne me lisent pas,EOne
2018-11-06,0,A tous ceux qui ne me lisent pas,EOne
2018-11-07,0,A tous ceux qui ne me lisent pas,EOne
2018-11-08,0,A tous ceux qui ne me lisent pas,EOne
2018-11-09,0,A tous ceux qui ne me lisent pas,EOne
2018-11-10,0,A tous ceux qui ne me lisent pas,EOne
2018-11-11,0,A tous ceux qui ne me lisent pas,EOne
2018-11-12,0,A tous ceux qui ne me lisent pas,EOne
2018-11-13,0,A tous ceux qui ne me lisent pas,EOne
2018-11-14,0,A tous ceux qui ne me lisent pas,EOne
2018-11-15,0,A tous ceux qui ne me lisent pas,EOne
2018-11-16,0,A tous ceux qui ne me lisent pas,EOne
2018-11-17,0,A tous ceux qui ne me lisent pas,EOne
2018-11-18,0,A tous ceux qui ne me lisent pas,EOne
2018-11-19,0,A tous ceux qui ne me lisent pas,EOne
2018-11-20,0,A tous ceux qui ne me lisent pas,EOne
2018-11-21,0,A tous ceux qui ne me lisent pas,EOne
2018-11-22,0,A tous ceux qui ne me lisent pas,EOne
2018-11-23,100,A tous ceux qui ne me lisent pas,EOne
2018-11-24,51,A tous ceux qui ne me lisent pas,EOne
2018-11-25,0,A tous ceux qui ne me lisent pas,EOne
2018-11-26,0,A tous ceux qui ne me lisent pas,EOne
2018-11-27,0,A tous ceux qui ne me lisent pas,EOne
2018-10-31,86,The Wife,SPC
2018-11-01,88,The Wife,SPC
2018-11-02,89,The Wife,SPC
2018-11-03,94,The Wife,SPC
2018-11-04,88,The Wife,SPC
2018-11-05,86,The Wife,SPC
2018-11-06,79,The Wife,SPC
2018-11-07,81,The Wife,SPC
2018-11-08,82,The Wife,SPC
2018-11-09,92,The Wife,SPC
2018-11-10,99,The Wife,SPC
2018-11-11,83,The Wife,SPC
2018-11-12,87,The Wife,SPC
2018-11-13,83,The Wife,SPC
2018-11-14,84,The Wife,SPC
2018-11-15,82,The Wife,SPC
2018-11-16,85,The Wife,SPC
2018-11-17,98,The Wife,SPC
2018-11-18,89,The Wife,SPC
2018-11-19,87,The Wife,SPC
2018-11-20,80,The Wife,SPC
2018-11-21,74,The Wife,SPC
2018-11-22,80,The Wife,SPC
2018-11-23,88,The Wife,SPC
2018-11-24,100,The Wife,SPC
2018-11-25,91,The Wife,SPC
2018-11-26,89,The Wife,SPC
2018-11-27,84,The Wife,SPC
2018-10-31,0,Chef Flynn,KL
2018-11-01,16,Chef Flynn,KL
2018-11-02,26,Chef Flynn,KL
2018-11-03,8,Chef Flynn,KL
2018-11-04,7,Chef Flynn,KL
2018-11-05,18,Chef Flynn,KL
2018-11-06,7,Chef Flynn,KL
2018-11-07,44,Chef Flynn,KL
2018-11-08,30,Chef Flynn,KL
2018-11-09,25,Chef Flynn,KL
2018-11-10,33,Chef Flynn,KL
2018-11-11,11,Chef Flynn,KL
2018-11-12,11,Chef Flynn,KL
2018-11-13,18,Chef Flynn,KL
2018-11-14,100,Chef Flynn,KL
2018-11-15,49,Chef Flynn,KL
2018-11-16,34,Chef Flynn,KL
2018-11-17,17,Chef Flynn,KL
2018-11-18,33,Chef Flynn,KL
2018-11-19,15,Chef Flynn,KL
2018-11-20,15,Chef Flynn,KL
2018-11-21,23,Chef Flynn,KL
2018-11-22,57,Chef Flynn,KL
2018-11-23,45,Chef Flynn,KL
2018-11-24,41,Chef Flynn,KL
2018-11-25,28,Chef Flynn,KL
2018-11-26,25,Chef Flynn,KL
2018-11-27,22,Chef Flynn,KL
2018-10-31,50,Monrovia Indiana,Zipp.
2018-11-01,84,Monrovia Indiana,Zipp.
2018-11-02,92,Monrovia Indiana,Zipp.
2018-11-03,79,Monrovia Indiana,Zipp.
2018-11-04,46,Monrovia Indiana,Zipp.
2018-11-05,55,Monrovia Indiana,Zipp.
2018-11-06,46,Monrovia Indiana,Zipp.
2018-11-07,47,Monrovia Indiana,Zipp.
2018-11-08,74,Monrovia Indiana,Zipp.
2018-11-09,64,Monrovia Indiana,Zipp.
2018-11-10,62,Monrovia Indiana,Zipp.
2018-11-11,63,Monrovia Indiana,Zipp.
2018-11-12,63,Monrovia Indiana,Zipp.
2018-11-13,39,Monrovia Indiana,Zipp.
2018-11-14,32,Monrovia Indiana,Zipp.
2018-11-15,74,Monrovia Indiana,Zipp.
2018-11-16,100,Monrovia Indiana,Zipp.
2018-11-17,54,Monrovia Indiana,Zipp.
2018-11-18,63,Monrovia Indiana,Zipp.
2018-11-19,24,Monrovia Indiana,Zipp.
2018-11-20,16,Monrovia Indiana,Zipp.
2018-11-21,33,Monrovia Indiana,Zipp.
2018-11-22,16,Monrovia Indiana,Zipp.
2018-11-23,53,Monrovia Indiana,Zipp.
2018-11-24,18,Monrovia Indiana,Zipp.
2018-11-25,31,Monrovia Indiana,Zipp.
2018-11-26,15,Monrovia Indiana,Zipp.
2018-11-27,79,Monrovia Indiana,Zipp.
2018-10-31,63,A Beautiful Planet,Imax
2018-11-01,63,A Beautiful Planet,Imax
2018-11-02,0,A Beautiful Planet,Imax
2018-11-03,66,A Beautiful Planet,Imax
2018-11-04,0,A Beautiful Planet,Imax
2018-11-05,59,A Beautiful Planet,Imax
2018-11-06,29,A Beautiful Planet,Imax
2018-11-07,30,A Beautiful Planet,Imax
2018-11-08,31,A Beautiful Planet,Imax
2018-11-09,68,A Beautiful Planet,Imax
2018-11-10,100,A Beautiful Planet,Imax
2018-11-11,59,A Beautiful Planet,Imax
2018-11-12,30,A Beautiful Planet,Imax
2018-11-13,60,A Beautiful Planet,Imax
2018-11-14,30,A Beautiful Planet,Imax
2018-11-15,0,A Beautiful Planet,Imax
2018-11-16,68,A Beautiful Planet,Imax
2018-11-17,68,A Beautiful Planet,Imax
2018-11-18,0,A Beautiful Planet,Imax
2018-11-19,30,A Beautiful Planet,Imax
2018-11-20,61,A Beautiful Planet,Imax
2018-11-21,0,A Beautiful Planet,Imax
2018-11-22,31,A Beautiful Planet,Imax
2018-11-23,50,A Beautiful Planet,Imax
2018-11-24,50,A Beautiful Planet,Imax
2018-11-25,29,A Beautiful Planet,Imax
2018-11-26,29,A Beautiful Planet,Imax
2018-11-27,59,A Beautiful Planet,Imax
2018-10-31,100,The Sisters Brothers,Annapurna
2018-11-01,93,The Sisters Brothers,Annapurna
2018-11-02,97,The Sisters Brothers,Annapurna
2018-11-03,70,The Sisters Brothers,Annapurna
2018-11-04,62,The Sisters Brothers,Annapurna
2018-11-05,52,The Sisters Brothers,Annapurna
2018-11-06,41,The Sisters Brothers,Annapurna
2018-11-07,38,The Sisters Brothers,Annapurna
2018-11-08,62,The Sisters Brothers,Annapurna
2018-11-09,62,The Sisters Brothers,Annapurna
2018-11-10,54,The Sisters Brothers,Annapurna
2018-11-11,48,The Sisters Brothers,Annapurna
2018-11-12,49,The Sisters Brothers,Annapurna
2018-11-13,43,The Sisters Brothers,Annapurna
2018-11-14,36,The Sisters Brothers,Annapurna
2018-11-15,27,The Sisters Brothers,Annapurna
2018-11-16,45,The Sisters Brothers,Annapurna
2018-11-17,43,The Sisters Brothers,Annapurna
2018-11-18,30,The Sisters Brothers,Annapurna
2018-11-19,34,The Sisters Brothers,Annapurna
2018-11-20,37,The Sisters Brothers,Annapurna
2018-11-21,40,The Sisters Brothers,Annapurna
2018-11-22,39,The Sisters Brothers,Annapurna
2018-11-23,35,The Sisters Brothers,Annapurna
2018-11-24,38,The Sisters Brothers,Annapurna
2018-11-25,45,The Sisters Brothers,Annapurna
2018-11-26,41,The Sisters Brothers,Annapurna
2018-11-27,36,The Sisters Brothers,Annapurna
2018-10-31,10,The Last Race,Magn.
2018-11-01,7,The Last Race,Magn.
2018-11-02,15,The Last Race,Magn.
2018-11-03,17,The Last Race,Magn.
2018-11-04,17,The Last Race,Magn.
2018-11-05,19,The Last Race,Magn.
2018-11-06,100,The Last Race,Magn.
2018-11-07,18,The Last Race,Magn.
2018-11-08,14,The Last Race,Magn.
2018-11-09,19,The Last Race,Magn.
2018-11-10,27,The Last Race,Magn.
2018-11-11,22,The Last Race,Magn.
2018-11-12,18,The Last Race,Magn.
2018-11-13,21,The Last Race,Magn.
2018-11-14,24,The Last Race,Magn.
2018-11-15,20,The Last Race,Magn.
2018-11-16,26,The Last Race,Magn.
2018-11-17,35,The Last Race,Magn.
2018-11-18,18,The Last Race,Magn.
2018-11-19,13,The Last Race,Magn.
2018-11-20,16,The Last Race,Magn.
2018-11-21,3,The Last Race,Magn.
2018-11-22,6,The Last Race,Magn.
2018-11-23,10,The Last Race,Magn.
2018-11-24,14,The Last Race,Magn.
2018-11-25,15,The Last Race,Magn.
2018-11-26,10,The Last Race,Magn.
2018-11-27,11,The Last Race,Magn.
2018-10-31,17,Becoming Astrid,MBox
2018-11-01,26,Becoming Astrid,MBox
2018-11-02,19,Becoming Astrid,MBox
2018-11-03,18,Becoming Astrid,MBox
2018-11-04,23,Becoming Astrid,MBox
2018-11-05,16,Becoming Astrid,MBox
2018-11-06,16,Becoming Astrid,MBox
2018-11-07,16,Becoming Astrid,MBox
2018-11-08,51,Becoming Astrid,MBox
2018-11-09,19,Becoming Astrid,MBox
2018-11-10,36,Becoming Astrid,MBox
2018-11-11,40,Becoming Astrid,MBox
2018-11-12,16,Becoming Astrid,MBox
2018-11-13,16,Becoming Astrid,MBox
2018-11-14,33,Becoming Astrid,MBox
2018-11-15,17,Becoming Astrid,MBox
2018-11-16,19,Becoming Astrid,MBox
2018-11-17,37,Becoming Astrid,MBox
2018-11-18,49,Becoming Astrid,MBox
2018-11-19,49,Becoming Astrid,MBox
2018-11-20,41,Becoming Astrid,MBox
2018-11-21,84,Becoming Astrid,MBox
2018-11-22,75,Becoming Astrid,MBox
2018-11-23,73,Becoming Astrid,MBox
2018-11-24,100,Becoming Astrid,MBox
2018-11-25,47,Becoming Astrid,MBox
2018-11-26,40,Becoming Astrid,MBox
2018-11-27,89,Becoming Astrid,MBox
2018-10-31,71,Science Fair,NGE
2018-11-01,68,Science Fair,NGE
2018-11-02,42,Science Fair,NGE
2018-11-03,60,Science Fair,NGE
2018-11-04,87,Science Fair,NGE
2018-11-05,85,Science Fair,NGE
2018-11-06,74,Science Fair,NGE
2018-11-07,87,Science Fair,NGE
2018-11-08,76,Science Fair,NGE
2018-11-09,44,Science Fair,NGE
2018-11-10,52,Science Fair,NGE
2018-11-11,77,Science Fair,NGE
2018-11-12,92,Science Fair,NGE
2018-11-13,88,Science Fair,NGE
2018-11-14,91,Science Fair,NGE
2018-11-15,73,Science Fair,NGE
2018-11-16,40,Science Fair,NGE
2018-11-17,44,Science Fair,NGE
2018-11-18,66,Science Fair,NGE
2018-11-19,58,Science Fair,NGE
2018-11-20,43,Science Fair,NGE
2018-11-21,30,Science Fair,NGE
2018-11-22,32,Science Fair,NGE
2018-11-23,48,Science Fair,NGE
2018-11-24,78,Science Fair,NGE
2018-11-25,99,Science Fair,NGE
2018-11-26,100,Science Fair,NGE
2018-11-27,96,Science Fair,NGE
2018-10-31,29,The Predator 2018,Fox
2018-11-01,25,The Predator 2018,Fox
2018-11-02,31,The Predator 2018,Fox
2018-11-03,38,The Predator 2018,Fox
2018-11-04,20,The Predator 2018,Fox
2018-11-05,21,The Predator 2018,Fox
2018-11-06,18,The Predator 2018,Fox
2018-11-07,16,The Predator 2018,Fox
2018-11-08,57,The Predator 2018,Fox
2018-11-09,91,The Predator 2018,Fox
2018-11-10,100,The Predator 2018,Fox
2018-11-11,56,The Predator 2018,Fox
2018-11-12,50,The Predator 2018,Fox
2018-11-13,44,The Predator 2018,Fox
2018-11-14,34,The Predator 2018,Fox
2018-11-15,40,The Predator 2018,Fox
2018-11-16,50,The Predator 2018,Fox
2018-11-17,55,The Predator 2018,Fox
2018-11-18,42,The Predator 2018,Fox
2018-11-19,37,The Predator 2018,Fox
2018-11-20,34,The Predator 2018,Fox
2018-11-21,37,The Predator 2018,Fox
2018-11-22,45,The Predator 2018,Fox
2018-11-23,51,The Predator 2018,Fox
2018-11-24,51,The Predator 2018,Fox
2018-11-25,35,The Predator 2018,Fox
2018-11-26,62,The Predator 2018,Fox
2018-11-27,65,The Predator 2018,Fox
2018-10-31,100,The Great Buster A Celebration,Cohen
2018-11-01,0,The Great Buster A Celebration,Cohen
2018-11-02,0,The Great Buster A Celebration,Cohen
2018-11-03,0,The Great Buster A Celebration,Cohen
2018-11-04,0,The Great Buster A Celebration,Cohen
2018-11-05,0,The Great Buster A Celebration,Cohen
2018-11-06,0,The Great Buster A Celebration,Cohen
2018-11-07,94,The Great Buster A Celebration,Cohen
2018-11-08,0,The Great Buster A Celebration,Cohen
2018-11-09,0,The Great Buster A Celebration,Cohen
2018-11-10,0,The Great Buster A Celebration,Cohen
2018-11-11,0,The Great Buster A Celebration,Cohen
2018-11-12,0,The Great Buster A Celebration,Cohen
2018-11-13,0,The Great Buster A Celebration,Cohen
2018-11-14,0,The Great Buster A Celebration,Cohen
2018-11-15,0,The Great Buster A Celebration,Cohen
2018-11-16,0,The Great Buster A Celebration,Cohen
2018-11-17,0,The Great Buster A Celebration,Cohen
2018-11-18,0,The Great Buster A Celebration,Cohen
2018-11-19,95,The Great Buster A Celebration,Cohen
2018-11-20,0,The Great Buster A Celebration,Cohen
2018-11-21,0,The Great Buster A Celebration,Cohen
2018-11-22,0,The Great Buster A Celebration,Cohen
2018-11-23,0,The Great Buster A Celebration,Cohen
2018-11-24,0,The Great Buster A Celebration,Cohen
2018-11-25,0,The Great Buster A Celebration,Cohen
2018-11-26,0,The Great Buster A Celebration,Cohen
2018-11-27,0,The Great Buster A Celebration,Cohen
2018-10-31,65,Last Letter,CL
2018-11-01,49,Last Letter,CL
2018-11-02,52,Last Letter,CL
2018-11-03,64,Last Letter,CL
2018-11-04,78,Last Letter,CL
2018-11-05,72,Last Letter,CL
2018-11-06,69,Last Letter,CL
2018-11-07,58,Last Letter,CL
2018-11-08,70,Last Letter,CL
2018-11-09,84,Last Letter,CL
2018-11-10,92,Last Letter,CL
2018-11-11,93,Last Letter,CL
2018-11-12,100,Last Letter,CL
2018-11-13,67,Last Letter,CL
2018-11-14,93,Last Letter,CL
2018-11-15,88,Last Letter,CL
2018-11-16,86,Last Letter,CL
2018-11-17,71,Last Letter,CL
2018-11-18,83,Last Letter,CL
2018-11-19,72,Last Letter,CL
2018-11-20,59,Last Letter,CL
2018-11-21,58,Last Letter,CL
2018-11-22,55,Last Letter,CL
2018-11-23,71,Last Letter,CL
2018-11-24,63,Last Letter,CL
2018-11-25,70,Last Letter,CL
2018-11-26,86,Last Letter,CL
2018-11-27,83,Last Letter,CL
2018-10-31,71,The Rider,SPC
2018-11-01,76,The Rider,SPC
2018-11-02,70,The Rider,SPC
2018-11-03,80,The Rider,SPC
2018-11-04,77,The Rider,SPC
2018-11-05,61,The Rider,SPC
2018-11-06,73,The Rider,SPC
2018-11-07,75,The Rider,SPC
2018-11-08,62,The Rider,SPC
2018-11-09,80,The Rider,SPC
2018-11-10,78,The Rider,SPC
2018-11-11,65,The Rider,SPC
2018-11-12,77,The Rider,SPC
2018-11-13,66,The Rider,SPC
2018-11-14,68,The Rider,SPC
2018-11-15,62,The Rider,SPC
2018-11-16,67,The Rider,SPC
2018-11-17,72,The Rider,SPC
2018-11-18,67,The Rider,SPC
2018-11-19,66,The Rider,SPC
2018-11-20,66,The Rider,SPC
2018-11-21,64,The Rider,SPC
2018-11-22,67,The Rider,SPC
2018-11-23,84,The Rider,SPC
2018-11-24,96,The Rider,SPC
2018-11-25,80,The Rider,SPC
2018-11-26,100,The Rider,SPC
2018-11-27,79,The Rider,SPC
2018-10-31,14,Unbroken Path to Redemption,PFR
2018-11-01,25,Unbroken Path to Redemption,PFR
2018-11-02,11,Unbroken Path to Redemption,PFR
2018-11-03,37,Unbroken Path to Redemption,PFR
2018-11-04,26,Unbroken Path to Redemption,PFR
2018-11-05,23,Unbroken Path to Redemption,PFR
2018-11-06,6,Unbroken Path to Redemption,PFR
2018-11-07,36,Unbroken Path to Redemption,PFR
2018-11-08,10,Unbroken Path to Redemption,PFR
2018-11-09,42,Unbroken Path to Redemption,PFR
2018-11-10,30,Unbroken Path to Redemption,PFR
2018-11-11,13,Unbroken Path to Redemption,PFR
2018-11-12,13,Unbroken Path to Redemption,PFR
2018-11-13,26,Unbroken Path to Redemption,PFR
2018-11-14,20,Unbroken Path to Redemption,PFR
2018-11-15,21,Unbroken Path to Redemption,PFR
2018-11-16,8,Unbroken Path to Redemption,PFR
2018-11-17,11,Unbroken Path to Redemption,PFR
2018-11-18,33,Unbroken Path to Redemption,PFR
2018-11-19,10,Unbroken Path to Redemption,PFR
2018-11-20,13,Unbroken Path to Redemption,PFR
2018-11-21,14,Unbroken Path to Redemption,PFR
2018-11-22,14,Unbroken Path to Redemption,PFR
2018-11-23,15,Unbroken Path to Redemption,PFR
2018-11-24,22,Unbroken Path to Redemption,PFR
2018-11-25,16,Unbroken Path to Redemption,PFR
2018-11-26,100,Unbroken Path to Redemption,PFR
2018-11-27,92,Unbroken Path to Redemption,PFR
2018-10-31,0,Hale County This Morning This Evening,CGld
2018-11-01,0,Hale County This Morning This Evening,CGld
2018-11-02,34,Hale County This Morning This Evening,CGld
2018-11-03,0,Hale County This Morning This Evening,CGld
2018-11-04,0,Hale County This Morning This Evening,CGld
2018-11-05,0,Hale County This Morning This Evening,CGld
2018-11-06,0,Hale County This Morning This Evening,CGld
2018-11-07,58,Hale County This Morning This Evening,CGld
2018-11-08,31,Hale County This Morning This Evening,CGld
2018-11-09,34,Hale County This Morning This Evening,CGld
2018-11-10,0,Hale County This Morning This Evening,CGld
2018-11-11,0,Hale County This Morning This Evening,CGld
2018-11-12,29,Hale County This Morning This Evening,CGld
2018-11-13,0,Hale County This Morning This Evening,CGld
2018-11-14,59,Hale County This Morning This Evening,CGld
2018-11-15,31,Hale County This Morning This Evening,CGld
2018-11-16,0,Hale County This Morning This Evening,CGld
2018-11-17,33,Hale County This Morning This Evening,CGld
2018-11-18,29,Hale County This Morning This Evening,CGld
2018-11-19,0,Hale County This Morning This Evening,CGld
2018-11-20,29,Hale County This Morning This Evening,CGld
2018-11-21,60,Hale County This Morning This Evening,CGld
2018-11-22,0,Hale County This Morning This Evening,CGld
2018-11-23,0,Hale County This Morning This Evening,CGld
2018-11-24,0,Hale County This Morning This Evening,CGld
2018-11-25,29,Hale County This Morning This Evening,CGld
2018-11-26,100,Hale County This Morning This Evening,CGld
2018-11-27,88,Hale County This Morning This Evening,CGld
2018-10-31,38,The Happy Prince,SPC
2018-11-01,83,The Happy Prince,SPC
2018-11-02,100,The Happy Prince,SPC
2018-11-03,80,The Happy Prince,SPC
2018-11-04,47,The Happy Prince,SPC
2018-11-05,34,The Happy Prince,SPC
2018-11-06,32,The Happy Prince,SPC
2018-11-07,30,The Happy Prince,SPC
2018-11-08,30,The Happy Prince,SPC
2018-11-09,27,The Happy Prince,SPC
2018-11-10,25,The Happy Prince,SPC
2018-11-11,24,The Happy Prince,SPC
2018-11-12,26,The Happy Prince,SPC
2018-11-13,18,The Happy Prince,SPC
2018-11-14,19,The Happy Prince,SPC
2018-11-15,15,The Happy Prince,SPC
2018-11-16,17,The Happy Prince,SPC
2018-11-17,15,The Happy Prince,SPC
2018-11-18,9,The Happy Prince,SPC
2018-11-19,18,The Happy Prince,SPC
2018-11-20,17,The Happy Prince,SPC
2018-11-21,12,The Happy Prince,SPC
2018-11-22,14,The Happy Prince,SPC
2018-11-23,14,The Happy Prince,SPC
2018-11-24,23,The Happy Prince,SPC
2018-11-25,14,The Happy Prince,SPC
2018-11-26,16,The Happy Prince,SPC
2018-11-27,14,The Happy Prince,SPC
2018-10-31,0,Bisbee 17,4th Row
2018-11-01,0,Bisbee 17,4th Row
2018-11-02,0,Bisbee 17,4th Row
2018-11-03,48,Bisbee 17,4th Row
2018-11-04,0,Bisbee 17,4th Row
2018-11-05,43,Bisbee 17,4th Row
2018-11-06,42,Bisbee 17,4th Row
2018-11-07,0,Bisbee 17,4th Row
2018-11-08,45,Bisbee 17,4th Row
2018-11-09,100,Bisbee 17,4th Row
2018-11-10,97,Bisbee 17,4th Row
2018-11-11,0,Bisbee 17,4th Row
2018-11-12,43,Bisbee 17,4th Row
2018-11-13,0,Bisbee 17,4th Row
2018-11-14,0,Bisbee 17,4th Row
2018-11-15,0,Bisbee 17,4th Row
2018-11-16,50,Bisbee 17,4th Row
2018-11-17,74,Bisbee 17,4th Row
2018-11-18,0,Bisbee 17,4th Row
2018-11-19,0,Bisbee 17,4th Row
2018-11-20,0,Bisbee 17,4th Row
2018-11-21,45,Bisbee 17,4th Row
2018-11-22,44,Bisbee 17,4th Row
2018-11-23,48,Bisbee 17,4th Row
2018-11-24,0,Bisbee 17,4th Row
2018-11-25,42,Bisbee 17,4th Row
2018-11-26,0,Bisbee 17,4th Row
2018-11-27,43,Bisbee 17,4th Row
2018-10-31,42,The Third Murder,FM
2018-11-01,75,The Third Murder,FM
2018-11-02,35,The Third Murder,FM
2018-11-03,44,The Third Murder,FM
2018-11-04,38,The Third Murder,FM
2018-11-05,30,The Third Murder,FM
2018-11-06,29,The Third Murder,FM
2018-11-07,40,The Third Murder,FM
2018-11-08,0,The Third Murder,FM
2018-11-09,58,The Third Murder,FM
2018-11-10,23,The Third Murder,FM
2018-11-11,100,The Third Murder,FM
2018-11-12,40,The Third Murder,FM
2018-11-13,50,The Third Murder,FM
2018-11-14,20,The Third Murder,FM
2018-11-15,31,The Third Murder,FM
2018-11-16,35,The Third Murder,FM
2018-11-17,46,The Third Murder,FM
2018-11-18,20,The Third Murder,FM
2018-11-19,30,The Third Murder,FM
2018-11-20,0,The Third Murder,FM
2018-11-21,31,The Third Murder,FM
2018-11-22,0,The Third Murder,FM
2018-11-23,45,The Third Murder,FM
2018-11-24,0,The Third Murder,FM
2018-11-25,20,The Third Murder,FM
2018-11-26,29,The Third Murder,FM
2018-11-27,40,The Third Murder,FM
2018-10-31,0,The Clovehitch Killer,IFC
2018-11-01,1,The Clovehitch Killer,IFC
2018-11-02,2,The Clovehitch Killer,IFC
2018-11-03,2,The Clovehitch Killer,IFC
2018-11-04,2,The Clovehitch Killer,IFC
2018-11-05,2,The Clovehitch Killer,IFC
2018-11-06,1,The Clovehitch Killer,IFC
2018-11-07,2,The Clovehitch Killer,IFC
2018-11-08,1,The Clovehitch Killer,IFC
2018-11-09,2,The Clovehitch Killer,IFC
2018-11-10,3,The Clovehitch Killer,IFC
2018-11-11,3,The Clovehitch Killer,IFC
2018-11-12,4,The Clovehitch Killer,IFC
2018-11-13,5,The Clovehitch Killer,IFC
2018-11-14,6,The Clovehitch Killer,IFC
2018-11-15,49,The Clovehitch Killer,IFC
2018-11-16,100,The Clovehitch Killer,IFC
2018-11-17,80,The Clovehitch Killer,IFC
2018-11-18,48,The Clovehitch Killer,IFC
2018-11-19,36,The Clovehitch Killer,IFC
2018-11-20,37,The Clovehitch Killer,IFC
2018-11-21,25,The Clovehitch Killer,IFC
2018-11-22,31,The Clovehitch Killer,IFC
2018-11-23,44,The Clovehitch Killer,IFC
2018-11-24,58,The Clovehitch Killer,IFC
2018-11-25,27,The Clovehitch Killer,IFC
2018-11-26,26,The Clovehitch Killer,IFC
2018-11-27,20,The Clovehitch Killer,IFC
2018-10-31,0,Shoah Four Sisters,Cohen
2018-11-01,0,Shoah Four Sisters,Cohen
2018-11-02,0,Shoah Four Sisters,Cohen
2018-11-03,0,Shoah Four Sisters,Cohen
2018-11-04,92,Shoah Four Sisters,Cohen
2018-11-05,0,Shoah Four Sisters,Cohen
2018-11-06,0,Shoah Four Sisters,Cohen
2018-11-07,0,Shoah Four Sisters,Cohen
2018-11-08,0,Shoah Four Sisters,Cohen
2018-11-09,0,Shoah Four Sisters,Cohen
2018-11-10,0,Shoah Four Sisters,Cohen
2018-11-11,96,Shoah Four Sisters,Cohen
2018-11-12,0,Shoah Four Sisters,Cohen
2018-11-13,0,Shoah Four Sisters,Cohen
2018-11-14,0,Shoah Four Sisters,Cohen
2018-11-15,100,Shoah Four Sisters,Cohen
2018-11-16,0,Shoah Four Sisters,Cohen
2018-11-17,0,Shoah Four Sisters,Cohen
2018-11-18,0,Shoah Four Sisters,Cohen
2018-11-19,96,Shoah Four Sisters,Cohen
2018-11-20,0,Shoah Four Sisters,Cohen
2018-11-21,0,Shoah Four Sisters,Cohen
2018-11-22,0,Shoah Four Sisters,Cohen
2018-11-23,0,Shoah Four Sisters,Cohen
2018-11-24,0,Shoah Four Sisters,Cohen
2018-11-25,0,Shoah Four Sisters,Cohen
2018-11-26,0,Shoah Four Sisters,Cohen
2018-11-27,0,Shoah Four Sisters,Cohen
2018-10-31,0,Narcissister Organ Player,FM
2018-11-01,51,Narcissister Organ Player,FM
2018-11-02,0,Narcissister Organ Player,FM
2018-11-03,0,Narcissister Organ Player,FM
2018-11-04,0,Narcissister Organ Player,FM
2018-11-05,0,Narcissister Organ Player,FM
2018-11-06,70,Narcissister Organ Player,FM
2018-11-07,95,Narcissister Organ Player,FM
2018-11-08,100,Narcissister Organ Player,FM
2018-11-09,0,Narcissister Organ Player,FM
2018-11-10,0,Narcissister Organ Player,FM
2018-11-11,48,Narcissister Organ Player,FM
2018-11-12,0,Narcissister Organ Player,FM
2018-11-13,48,Narcissister Organ Player,FM
2018-11-14,0,Narcissister Organ Player,FM
2018-11-15,0,Narcissister Organ Player,FM
2018-11-16,56,Narcissister Organ Player,FM
2018-11-17,0,Narcissister Organ Player,FM
2018-11-18,48,Narcissister Organ Player,FM
2018-11-19,0,Narcissister Organ Player,FM
2018-11-20,0,Narcissister Organ Player,FM
2018-11-21,0,Narcissister Organ Player,FM
2018-11-22,0,Narcissister Organ Player,FM
2018-11-23,0,Narcissister Organ Player,FM
2018-11-24,0,Narcissister Organ Player,FM
2018-11-25,70,Narcissister Organ Player,FM
2018-11-26,94,Narcissister Organ Player,FM
2018-11-27,0,Narcissister Organ Player,FM
2018-10-31,47,Horn From the Heart,Abr.
2018-11-01,0,Horn From the Heart,Abr.
2018-11-02,77,Horn From the Heart,Abr.
2018-11-03,49,Horn From the Heart,Abr.
2018-11-04,43,Horn From the Heart,Abr.
2018-11-05,44,Horn From the Heart,Abr.
2018-11-06,43,Horn From the Heart,Abr.
2018-11-07,0,Horn From the Heart,Abr.
2018-11-08,46,Horn From the Heart,Abr.
2018-11-09,0,Horn From the Heart,Abr.
2018-11-10,100,Horn From the Heart,Abr.
2018-11-11,0,Horn From the Heart,Abr.
2018-11-12,44,Horn From the Heart,Abr.
2018-11-13,45,Horn From the Heart,Abr.
2018-11-14,0,Horn From the Heart,Abr.
2018-11-15,0,Horn From the Heart,Abr.
2018-11-16,0,Horn From the Heart,Abr.
2018-11-17,51,Horn From the Heart,Abr.
2018-11-18,45,Horn From the Heart,Abr.
2018-11-19,0,Horn From the Heart,Abr.
2018-11-20,45,Horn From the Heart,Abr.
2018-11-21,46,Horn From the Heart,Abr.
2018-11-22,0,Horn From the Heart,Abr.
2018-11-23,50,Horn From the Heart,Abr.
2018-11-24,49,Horn From the Heart,Abr.
2018-11-25,43,Horn From the Heart,Abr.
2018-11-26,43,Horn From the Heart,Abr.
2018-11-27,0,Horn From the Heart,Abr.
2018-10-31,38,Kusama Infinity,Magn.
2018-11-01,51,Kusama Infinity,Magn.
2018-11-02,35,Kusama Infinity,Magn.
2018-11-03,59,Kusama Infinity,Magn.
2018-11-04,29,Kusama Infinity,Magn.
2018-11-05,53,Kusama Infinity,Magn.
2018-11-06,41,Kusama Infinity,Magn.
2018-11-07,41,Kusama Infinity,Magn.
2018-11-08,56,Kusama Infinity,Magn.
2018-11-09,34,Kusama Infinity,Magn.
2018-11-10,33,Kusama Infinity,Magn.
2018-11-11,36,Kusama Infinity,Magn.
2018-11-12,82,Kusama Infinity,Magn.
2018-11-13,36,Kusama Infinity,Magn.
2018-11-14,60,Kusama Infinity,Magn.
2018-11-15,43,Kusama Infinity,Magn.
2018-11-16,62,Kusama Infinity,Magn.
2018-11-17,54,Kusama Infinity,Magn.
2018-11-18,36,Kusama Infinity,Magn.
2018-11-19,72,Kusama Infinity,Magn.
2018-11-20,48,Kusama Infinity,Magn.
2018-11-21,74,Kusama Infinity,Magn.
2018-11-22,49,Kusama Infinity,Magn.
2018-11-23,100,Kusama Infinity,Magn.
2018-11-24,60,Kusama Infinity,Magn.
2018-11-25,46,Kusama Infinity,Magn.
2018-11-26,70,Kusama Infinity,Magn.
2018-11-27,53,Kusama Infinity,Magn.
2018-10-31,82,1945,Men.
2018-11-01,74,1945,Men.
2018-11-02,61,1945,Men.
2018-11-03,82,1945,Men.
2018-11-04,95,1945,Men.
2018-11-05,88,1945,Men.
2018-11-06,93,1945,Men.
2018-11-07,88,1945,Men.
2018-11-08,71,1945,Men.
2018-11-09,63,1945,Men.
2018-11-10,87,1945,Men.
2018-11-11,85,1945,Men.
2018-11-12,81,1945,Men.
2018-11-13,81,1945,Men.
2018-11-14,73,1945,Men.
2018-11-15,59,1945,Men.
2018-11-16,52,1945,Men.
2018-11-17,66,1945,Men.
2018-11-18,54,1945,Men.
2018-11-19,64,1945,Men.
2018-11-20,81,1945,Men.
2018-11-21,74,1945,Men.
2018-11-22,57,1945,Men.
2018-11-23,52,1945,Men.
2018-11-24,81,1945,Men.
2018-11-25,100,1945,Men.
2018-11-26,100,1945,Men.
2018-11-27,93,1945,Men.
2018-10-31,31,Pick of the Litter,IFC
2018-11-01,55,Pick of the Litter,IFC
2018-11-02,42,Pick of the Litter,IFC
2018-11-03,49,Pick of the Litter,IFC
2018-11-04,56,Pick of the Litter,IFC
2018-11-05,44,Pick of the Litter,IFC
2018-11-06,36,Pick of the Litter,IFC
2018-11-07,29,Pick of the Litter,IFC
2018-11-08,46,Pick of the Litter,IFC
2018-11-09,76,Pick of the Litter,IFC
2018-11-10,33,Pick of the Litter,IFC
2018-11-11,44,Pick of the Litter,IFC
2018-11-12,43,Pick of the Litter,IFC
2018-11-13,59,Pick of the Litter,IFC
2018-11-14,52,Pick of the Litter,IFC
2018-11-15,46,Pick of the Litter,IFC
2018-11-16,93,Pick of the Litter,IFC
2018-11-17,100,Pick of the Litter,IFC
2018-11-18,67,Pick of the Litter,IFC
2018-11-19,44,Pick of the Litter,IFC
2018-11-20,97,Pick of the Litter,IFC
2018-11-21,45,Pick of the Litter,IFC
2018-11-22,68,Pick of the Litter,IFC
2018-11-23,74,Pick of the Litter,IFC
2018-11-24,66,Pick of the Litter,IFC
2018-11-25,64,Pick of the Litter,IFC
2018-11-26,57,Pick of the Litter,IFC
2018-11-27,73,Pick of the Litter,IFC
2018-10-31,33,Blaze 2018,IFC
2018-11-01,42,Blaze 2018,IFC
2018-11-02,60,Blaze 2018,IFC
2018-11-03,73,Blaze 2018,IFC
2018-11-04,41,Blaze 2018,IFC
2018-11-05,57,Blaze 2018,IFC
2018-11-06,86,Blaze 2018,IFC
2018-11-07,68,Blaze 2018,IFC
2018-11-08,65,Blaze 2018,IFC
2018-11-09,49,Blaze 2018,IFC
2018-11-10,64,Blaze 2018,IFC
2018-11-11,51,Blaze 2018,IFC
2018-11-12,53,Blaze 2018,IFC
2018-11-13,48,Blaze 2018,IFC
2018-11-14,35,Blaze 2018,IFC
2018-11-15,65,Blaze 2018,IFC
2018-11-16,66,Blaze 2018,IFC
2018-11-17,52,Blaze 2018,IFC
2018-11-18,63,Blaze 2018,IFC
2018-11-19,54,Blaze 2018,IFC
2018-11-20,55,Blaze 2018,IFC
2018-11-21,85,Blaze 2018,IFC
2018-11-22,100,Blaze 2018,IFC
2018-11-23,64,Blaze 2018,IFC
2018-11-24,73,Blaze 2018,IFC
2018-11-25,66,Blaze 2018,IFC
2018-11-26,36,Blaze 2018,IFC
2018-11-27,37,Blaze 2018,IFC
2018-10-31,80,The Guilty,Magn.
2018-11-01,100,The Guilty,Magn.
2018-11-02,98,The Guilty,Magn.
2018-11-03,93,The Guilty,Magn.
2018-11-04,84,The Guilty,Magn.
2018-11-05,65,The Guilty,Magn.
2018-11-06,68,The Guilty,Magn.
2018-11-07,70,The Guilty,Magn.
2018-11-08,75,The Guilty,Magn.
2018-11-09,71,The Guilty,Magn.
2018-11-10,64,The Guilty,Magn.
2018-11-11,85,The Guilty,Magn.
2018-11-12,72,The Guilty,Magn.
2018-11-13,76,The Guilty,Magn.
2018-11-14,62,The Guilty,Magn.
2018-11-15,67,The Guilty,Magn.
2018-11-16,73,The Guilty,Magn.
2018-11-17,69,The Guilty,Magn.
2018-11-18,62,The Guilty,Magn.
2018-11-19,64,The Guilty,Magn.
2018-11-20,50,The Guilty,Magn.
2018-11-21,47,The Guilty,Magn.
2018-11-22,57,The Guilty,Magn.
2018-11-23,65,The Guilty,Magn.
2018-11-24,76,The Guilty,Magn.
2018-11-25,71,The Guilty,Magn.
2018-11-26,58,The Guilty,Magn.
2018-11-27,64,The Guilty,Magn.
2018-10-31,48,Searching for Ingmar Bergman,Osci.
2018-11-01,48,Searching for Ingmar Bergman,Osci.
2018-11-02,52,Searching for Ingmar Bergman,Osci.
2018-11-03,100,Searching for Ingmar Bergman,Osci.
2018-11-04,43,Searching for Ingmar Bergman,Osci.
2018-11-05,0,Searching for Ingmar Bergman,Osci.
2018-11-06,66,Searching for Ingmar Bergman,Osci.
2018-11-07,45,Searching for Ingmar Bergman,Osci.
2018-11-08,47,Searching for Ingmar Bergman,Osci.
2018-11-09,51,Searching for Ingmar Bergman,Osci.
2018-11-10,50,Searching for Ingmar Bergman,Osci.
2018-11-11,45,Searching for Ingmar Bergman,Osci.
2018-11-12,0,Searching for Ingmar Bergman,Osci.
2018-11-13,0,Searching for Ingmar Bergman,Osci.
2018-11-14,45,Searching for Ingmar Bergman,Osci.
2018-11-15,47,Searching for Ingmar Bergman,Osci.
2018-11-16,78,Searching for Ingmar Bergman,Osci.
2018-11-17,0,Searching for Ingmar Bergman,Osci.
2018-11-18,0,Searching for Ingmar Bergman,Osci.
2018-11-19,0,Searching for Ingmar Bergman,Osci.
2018-11-20,46,Searching for Ingmar Bergman,Osci.
2018-11-21,47,Searching for Ingmar Bergman,Osci.
2018-11-22,0,Searching for Ingmar Bergman,Osci.
2018-11-23,51,Searching for Ingmar Bergman,Osci.
2018-11-24,0,Searching for Ingmar Bergman,Osci.
2018-11-25,0,Searching for Ingmar Bergman,Osci.
2018-11-26,0,Searching for Ingmar Bergman,Osci.
2018-11-27,0,Searching for Ingmar Bergman,Osci.
2018-10-31,30,Return of the Hero,Distrib.
2018-11-01,31,Return of the Hero,Distrib.
2018-11-02,100,Return of the Hero,Distrib.
2018-11-03,80,Return of the Hero,Distrib.
2018-11-04,28,Return of the Hero,Distrib.
2018-11-05,29,Return of the Hero,Distrib.
2018-11-06,42,Return of the Hero,Distrib.
2018-11-07,86,Return of the Hero,Distrib.
2018-11-08,90,Return of the Hero,Distrib.
2018-11-09,50,Return of the Hero,Distrib.
2018-11-10,65,Return of the Hero,Distrib.
2018-11-11,58,Return of the Hero,Distrib.
2018-11-12,57,Return of the Hero,Distrib.
2018-11-13,43,Return of the Hero,Distrib.
2018-11-14,59,Return of the Hero,Distrib.
2018-11-15,60,Return of the Hero,Distrib.
2018-11-16,100,Return of the Hero,Distrib.
2018-11-17,66,Return of the Hero,Distrib.
2018-11-18,88,Return of the Hero,Distrib.
2018-11-19,87,Return of the Hero,Distrib.
2018-11-20,59,Return of the Hero,Distrib.
2018-11-21,30,Return of the Hero,Distrib.
2018-11-22,45,Return of the Hero,Distrib.
2018-11-23,49,Return of the Hero,Distrib.
2018-11-24,32,Return of the Hero,Distrib.
2018-11-25,28,Return of the Hero,Distrib.
2018-11-26,85,Return of the Hero,Distrib.
2018-11-27,72,Return of the Hero,Distrib.
2018-10-31,0,Under the Sea 3D,WB
2018-11-01,0,Under the Sea 3D,WB
2018-11-02,0,Under the Sea 3D,WB
2018-11-03,74,Under the Sea 3D,WB
2018-11-04,64,Under the Sea 3D,WB
2018-11-05,0,Under the Sea 3D,WB
2018-11-06,0,Under the Sea 3D,WB
2018-11-07,0,Under the Sea 3D,WB
2018-11-08,0,Under the Sea 3D,WB
2018-11-09,0,Under the Sea 3D,WB
2018-11-10,0,Under the Sea 3D,WB
2018-11-11,67,Under the Sea 3D,WB
2018-11-12,0,Under the Sea 3D,WB
2018-11-13,67,Under the Sea 3D,WB
2018-11-14,0,Under the Sea 3D,WB
2018-11-15,0,Under the Sea 3D,WB
2018-11-16,0,Under the Sea 3D,WB
2018-11-17,0,Under the Sea 3D,WB
2018-11-18,0,Under the Sea 3D,WB
2018-11-19,0,Under the Sea 3D,WB
2018-11-20,0,Under the Sea 3D,WB
2018-11-21,0,Under the Sea 3D,WB
2018-11-22,69,Under the Sea 3D,WB
2018-11-23,0,Under the Sea 3D,WB
2018-11-24,0,Under the Sea 3D,WB
2018-11-25,0,Under the Sea 3D,WB
2018-11-26,0,Under the Sea 3D,WB
2018-11-27,100,Under the Sea 3D,WB
2018-10-31,0,Hubble 3D,WB
2018-11-01,0,Hubble 3D,WB
2018-11-02,100,Hubble 3D,WB
2018-11-03,0,Hubble 3D,WB
2018-11-04,0,Hubble 3D,WB
2018-11-05,0,Hubble 3D,WB
2018-11-06,0,Hubble 3D,WB
2018-11-07,86,Hubble 3D,WB
2018-11-08,0,Hubble 3D,WB
2018-11-09,0,Hubble 3D,WB
2018-11-10,0,Hubble 3D,WB
2018-11-11,0,Hubble 3D,WB
2018-11-12,86,Hubble 3D,WB
2018-11-13,0,Hubble 3D,WB
2018-11-14,0,Hubble 3D,WB
2018-11-15,0,Hubble 3D,WB
2018-11-16,0,Hubble 3D,WB
2018-11-17,99,Hubble 3D,WB
2018-11-18,88,Hubble 3D,WB
2018-11-19,0,Hubble 3D,WB
2018-11-20,0,Hubble 3D,WB
2018-11-21,0,Hubble 3D,WB
2018-11-22,89,Hubble 3D,WB
2018-11-23,0,Hubble 3D,WB
2018-11-24,0,Hubble 3D,WB
2018-11-25,84,Hubble 3D,WB
2018-11-26,0,Hubble 3D,WB
2018-11-27,86,Hubble 3D,WB
2018-10-31,11,Invisible Hands,FRun
2018-11-01,0,Invisible Hands,FRun
2018-11-02,0,Invisible Hands,FRun
2018-11-03,0,Invisible Hands,FRun
2018-11-04,20,Invisible Hands,FRun
2018-11-05,11,Invisible Hands,FRun
2018-11-06,10,Invisible Hands,FRun
2018-11-07,0,Invisible Hands,FRun
2018-11-08,11,Invisible Hands,FRun
2018-11-09,18,Invisible Hands,FRun
2018-11-10,18,Invisible Hands,FRun
2018-11-11,0,Invisible Hands,FRun
2018-11-12,100,Invisible Hands,FRun
2018-11-13,32,Invisible Hands,FRun
2018-11-14,11,Invisible Hands,FRun
2018-11-15,28,Invisible Hands,FRun
2018-11-16,12,Invisible Hands,FRun
2018-11-17,12,Invisible Hands,FRun
2018-11-18,11,Invisible Hands,FRun
2018-11-19,11,Invisible Hands,FRun
2018-11-20,11,Invisible Hands,FRun
2018-11-21,22,Invisible Hands,FRun
2018-11-22,22,Invisible Hands,FRun
2018-11-23,48,Invisible Hands,FRun
2018-11-24,18,Invisible Hands,FRun
2018-11-25,0,Invisible Hands,FRun
2018-11-26,0,Invisible Hands,FRun
2018-11-27,0,Invisible Hands,FRun
2018-10-31,71,Weightless,Great Point
2018-11-01,51,Weightless,Great Point
2018-11-02,66,Weightless,Great Point
2018-11-03,100,Weightless,Great Point
2018-11-04,60,Weightless,Great Point
2018-11-05,63,Weightless,Great Point
2018-11-06,69,Weightless,Great Point
2018-11-07,62,Weightless,Great Point
2018-11-08,70,Weightless,Great Point
2018-11-09,43,Weightless,Great Point
2018-11-10,65,Weightless,Great Point
2018-11-11,82,Weightless,Great Point
2018-11-12,61,Weightless,Great Point
2018-11-13,67,Weightless,Great Point
2018-11-14,79,Weightless,Great Point
2018-11-15,50,Weightless,Great Point
2018-11-16,76,Weightless,Great Point
2018-11-17,68,Weightless,Great Point
2018-11-18,57,Weightless,Great Point
2018-11-19,74,Weightless,Great Point
2018-11-20,59,Weightless,Great Point
2018-11-21,73,Weightless,Great Point
2018-11-22,37,Weightless,Great Point
2018-11-23,70,Weightless,Great Point
2018-11-24,62,Weightless,Great Point
2018-11-25,68,Weightless,Great Point
2018-11-26,72,Weightless,Great Point
2018-11-27,83,Weightless,Great Point
2018-10-31,0,Of Fathers and Sons,KL
2018-11-01,21,Of Fathers and Sons,KL
2018-11-02,45,Of Fathers and Sons,KL
2018-11-03,44,Of Fathers and Sons,KL
2018-11-04,28,Of Fathers and Sons,KL
2018-11-05,0,Of Fathers and Sons,KL
2018-11-06,19,Of Fathers and Sons,KL
2018-11-07,39,Of Fathers and Sons,KL
2018-11-08,51,Of Fathers and Sons,KL
2018-11-09,23,Of Fathers and Sons,KL
2018-11-10,22,Of Fathers and Sons,KL
2018-11-11,59,Of Fathers and Sons,KL
2018-11-12,19,Of Fathers and Sons,KL
2018-11-13,39,Of Fathers and Sons,KL
2018-11-14,70,Of Fathers and Sons,KL
2018-11-15,41,Of Fathers and Sons,KL
2018-11-16,68,Of Fathers and Sons,KL
2018-11-17,45,Of Fathers and Sons,KL
2018-11-18,30,Of Fathers and Sons,KL
2018-11-19,59,Of Fathers and Sons,KL
2018-11-20,100,Of Fathers and Sons,KL
2018-11-21,0,Of Fathers and Sons,KL
2018-11-22,30,Of Fathers and Sons,KL
2018-11-23,66,Of Fathers and Sons,KL
2018-11-24,44,Of Fathers and Sons,KL
2018-11-25,38,Of Fathers and Sons,KL
2018-11-26,58,Of Fathers and Sons,KL
2018-11-27,69,Of Fathers and Sons,KL
2018-10-31,71,Liyana,Abr.
2018-11-01,72,Liyana,Abr.
2018-11-02,84,Liyana,Abr.
2018-11-03,59,Liyana,Abr.
2018-11-04,51,Liyana,Abr.
2018-11-05,43,Liyana,Abr.
2018-11-06,47,Liyana,Abr.
2018-11-07,76,Liyana,Abr.
2018-11-08,20,Liyana,Abr.
2018-11-09,100,Liyana,Abr.
2018-11-10,75,Liyana,Abr.
2018-11-11,58,Liyana,Abr.
2018-11-12,38,Liyana,Abr.
2018-11-13,43,Liyana,Abr.
2018-11-14,59,Liyana,Abr.
2018-11-15,45,Liyana,Abr.
2018-11-16,61,Liyana,Abr.
2018-11-17,71,Liyana,Abr.
2018-11-18,97,Liyana,Abr.
2018-11-19,43,Liyana,Abr.
2018-11-20,88,Liyana,Abr.
2018-11-21,95,Liyana,Abr.
2018-11-22,89,Liyana,Abr.
2018-11-23,70,Liyana,Abr.
2018-11-24,81,Liyana,Abr.
2018-11-25,61,Liyana,Abr.
2018-11-26,42,Liyana,Abr.
2018-11-27,62,Liyana,Abr.
2018-10-31,0,Postcards from London,Strand
2018-11-01,30,Postcards from London,Strand
2018-11-02,48,Postcards from London,Strand
2018-11-03,46,Postcards from London,Strand
2018-11-04,54,Postcards from London,Strand
2018-11-05,41,Postcards from London,Strand
2018-11-06,27,Postcards from London,Strand
2018-11-07,27,Postcards from London,Strand
2018-11-08,86,Postcards from London,Strand
2018-11-09,64,Postcards from London,Strand
2018-11-10,46,Postcards from London,Strand
2018-11-11,55,Postcards from London,Strand
2018-11-12,27,Postcards from London,Strand
2018-11-13,42,Postcards from London,Strand
2018-11-14,28,Postcards from London,Strand
2018-11-15,29,Postcards from London,Strand
2018-11-16,64,Postcards from London,Strand
2018-11-17,79,Postcards from London,Strand
2018-11-18,70,Postcards from London,Strand
2018-11-19,0,Postcards from London,Strand
2018-11-20,98,Postcards from London,Strand
2018-11-21,100,Postcards from London,Strand
2018-11-22,86,Postcards from London,Strand
2018-11-23,62,Postcards from London,Strand
2018-11-24,47,Postcards from London,Strand
2018-11-25,27,Postcards from London,Strand
2018-11-26,27,Postcards from London,Strand
2018-11-27,28,Postcards from London,Strand
2018-10-31,0,Milford Graves Full Mantis,CGld
2018-11-01,0,Milford Graves Full Mantis,CGld
2018-11-02,0,Milford Graves Full Mantis,CGld
2018-11-03,0,Milford Graves Full Mantis,CGld
2018-11-04,0,Milford Graves Full Mantis,CGld
2018-11-05,0,Milford Graves Full Mantis,CGld
2018-11-06,0,Milford Graves Full Mantis,CGld
2018-11-07,0,Milford Graves Full Mantis,CGld
2018-11-08,0,Milford Graves Full Mantis,CGld
2018-11-09,0,Milford Graves Full Mantis,CGld
2018-11-10,0,Milford Graves Full Mantis,CGld
2018-11-11,0,Milford Graves Full Mantis,CGld
2018-11-12,0,Milford Graves Full Mantis,CGld
2018-11-13,88,Milford Graves Full Mantis,CGld
2018-11-14,0,Milford Graves Full Mantis,CGld
2018-11-15,90,Milford Graves Full Mantis,CGld
2018-11-16,100,Milford Graves Full Mantis,CGld
2018-11-17,99,Milford Graves Full Mantis,CGld
2018-11-18,88,Milford Graves Full Mantis,CGld
2018-11-19,0,Milford Graves Full Mantis,CGld
2018-11-20,0,Milford Graves Full Mantis,CGld
2018-11-21,0,Milford Graves Full Mantis,CGld
2018-11-22,90,Milford Graves Full Mantis,CGld
2018-11-23,98,Milford Graves Full Mantis,CGld
2018-11-24,97,Milford Graves Full Mantis,CGld
2018-11-25,0,Milford Graves Full Mantis,CGld
2018-11-26,84,Milford Graves Full Mantis,CGld
2018-11-27,0,Milford Graves Full Mantis,CGld
2018-10-31,88,Life  Nothing More,CFI
2018-11-01,100,Life  Nothing More,CFI
2018-11-02,73,Life  Nothing More,CFI
2018-11-03,46,Life  Nothing More,CFI
2018-11-04,80,Life  Nothing More,CFI
2018-11-05,93,Life  Nothing More,CFI
2018-11-06,51,Life  Nothing More,CFI
2018-11-07,62,Life  Nothing More,CFI
2018-11-08,54,Life  Nothing More,CFI
2018-11-09,72,Life  Nothing More,CFI
2018-11-10,71,Life  Nothing More,CFI
2018-11-11,52,Life  Nothing More,CFI
2018-11-12,82,Life  Nothing More,CFI
2018-11-13,63,Life  Nothing More,CFI
2018-11-14,42,Life  Nothing More,CFI
2018-11-15,22,Life  Nothing More,CFI
2018-11-16,24,Life  Nothing More,CFI
2018-11-17,24,Life  Nothing More,CFI
2018-11-18,53,Life  Nothing More,CFI
2018-11-19,63,Life  Nothing More,CFI
2018-11-20,42,Life  Nothing More,CFI
2018-11-21,0,Life  Nothing More,CFI
2018-11-22,21,Life  Nothing More,CFI
2018-11-23,23,Life  Nothing More,CFI
2018-11-24,35,Life  Nothing More,CFI
2018-11-25,30,Life  Nothing More,CFI
2018-11-26,71,Life  Nothing More,CFI
2018-11-27,52,Life  Nothing More,CFI
2018-10-31,79,Memoir of War,MBox
2018-11-01,0,Memoir of War,MBox
2018-11-02,58,Memoir of War,MBox
2018-11-03,55,Memoir of War,MBox
2018-11-04,49,Memoir of War,MBox
2018-11-05,50,Memoir of War,MBox
2018-11-06,49,Memoir of War,MBox
2018-11-07,50,Memoir of War,MBox
2018-11-08,52,Memoir of War,MBox
2018-11-09,57,Memoir of War,MBox
2018-11-10,56,Memoir of War,MBox
2018-11-11,100,Memoir of War,MBox
2018-11-12,0,Memoir of War,MBox
2018-11-13,0,Memoir of War,MBox
2018-11-14,51,Memoir of War,MBox
2018-11-15,0,Memoir of War,MBox
2018-11-16,57,Memoir of War,MBox
2018-11-17,57,Memoir of War,MBox
2018-11-18,51,Memoir of War,MBox
2018-11-19,0,Memoir of War,MBox
2018-11-20,50,Memoir of War,MBox
2018-11-21,52,Memoir of War,MBox
2018-11-22,52,Memoir of War,MBox
2018-11-23,56,Memoir of War,MBox
2018-11-24,56,Memoir of War,MBox
2018-11-25,49,Memoir of War,MBox
2018-11-26,48,Memoir of War,MBox
2018-11-27,50,Memoir of War,MBox
2018-10-31,53,Let the Corpses Tan,KL
2018-11-01,0,Let the Corpses Tan,KL
2018-11-02,0,Let the Corpses Tan,KL
2018-11-03,0,Let the Corpses Tan,KL
2018-11-04,0,Let the Corpses Tan,KL
2018-11-05,99,Let the Corpses Tan,KL
2018-11-06,49,Let the Corpses Tan,KL
2018-11-07,0,Let the Corpses Tan,KL
2018-11-08,0,Let the Corpses Tan,KL
2018-11-09,57,Let the Corpses Tan,KL
2018-11-10,0,Let the Corpses Tan,KL
2018-11-11,0,Let the Corpses Tan,KL
2018-11-12,49,Let the Corpses Tan,KL
2018-11-13,0,Let the Corpses Tan,KL
2018-11-14,51,Let the Corpses Tan,KL
2018-11-15,0,Let the Corpses Tan,KL
2018-11-16,58,Let the Corpses Tan,KL
2018-11-17,85,Let the Corpses Tan,KL
2018-11-18,0,Let the Corpses Tan,KL
2018-11-19,0,Let the Corpses Tan,KL
2018-11-20,0,Let the Corpses Tan,KL
2018-11-21,52,Let the Corpses Tan,KL
2018-11-22,52,Let the Corpses Tan,KL
2018-11-23,56,Let the Corpses Tan,KL
2018-11-24,0,Let the Corpses Tan,KL
2018-11-25,48,Let the Corpses Tan,KL
2018-11-26,48,Let the Corpses Tan,KL
2018-11-27,100,Let the Corpses Tan,KL
2018-10-31,70,Weed the People,Abr.
2018-11-01,100,Weed the People,Abr.
2018-11-02,90,Weed the People,Abr.
2018-11-03,61,Weed the People,Abr.
2018-11-04,80,Weed the People,Abr.
2018-11-05,55,Weed the People,Abr.
2018-11-06,75,Weed the People,Abr.
2018-11-07,55,Weed the People,Abr.
2018-11-08,52,Weed the People,Abr.
2018-11-09,25,Weed the People,Abr.
2018-11-10,31,Weed the People,Abr.
2018-11-11,38,Weed the People,Abr.
2018-11-12,71,Weed the People,Abr.
2018-11-13,83,Weed the People,Abr.
2018-11-14,67,Weed the People,Abr.
2018-11-15,92,Weed the People,Abr.
2018-11-16,38,Weed the People,Abr.
2018-11-17,50,Weed the People,Abr.
2018-11-18,56,Weed the People,Abr.
2018-11-19,39,Weed the People,Abr.
2018-11-20,39,Weed the People,Abr.
2018-11-21,46,Weed the People,Abr.
2018-11-22,45,Weed the People,Abr.
2018-11-23,56,Weed the People,Abr.
2018-11-24,25,Weed the People,Abr.
2018-11-25,64,Weed the People,Abr.
2018-11-26,70,Weed the People,Abr.
2018-11-27,49,Weed the People,Abr.
